Date,ibov_pnl,single_pnl,total_pnl
2022-03-04,0.0,0.0,0.0
2022-03-07,1446.2018801284337,-1335.5382879847682,110.66359214366548
2022-03-08,-2541.737104413349,326.6895434174789,-2215.04756099587
2022-03-09,2578.387671123547,-1733.9866001861503,844.4010709373968
2022-03-10,-421.027967851081,-184.81980406321273,-605.8477719142937
2022-03-11,2738.4442538813355,-211.71532236972192,2526.7289315116136
2022-03-14,708.3210537391221,-281.00304305875954,427.3180106803626
2022-03-15,-2586.0619210644877,53.44618907636228,-2532.6157319881254
2022-03-16,5110.20003079862,-270.4170332718021,4839.782997526818
2022-03-17,2080.7602861979394,222.27725236025884,2303.0375385581983
2022-03-18,5820.899056815504,-270.1324619894634,5550.766594826041
2022-03-21,327.57061998168376,-429.1213137229001,-101.55069374121632
2022-03-22,-1876.857587113965,-198.1166123521407,-2074.974199466106
2022-03-23,-1597.0627548919147,513.7930951056636,-1083.269659786251
2022-03-24,3133.323534251822,7.284606993006157,3140.608141244828
2022-03-25,-4672.696436064922,-244.56792296060647,-4917.264359025528
2022-03-28,-7725.939950728078,481.88325136003004,-7244.056699368048
2022-03-29,-3389.2296453850704,-19.783370554497886,-3409.0130159395685
2022-03-30,-779.1422630717832,447.56433529564674,-331.57792777613645
2022-03-31,-2333.109917484083,175.83009803300428,-2157.2798194510788
2022-04-01,3035.903576370959,127.6621021898273,3163.565678560786
2022-04-04,-279.6055325758309,186.38414285076837,-93.22138972506255
2022-04-05,14030.58022191213,-192.97997863668115,13837.60024327545
2022-04-06,716.3330030390823,-5.956519339659501,710.3764836994228
2022-04-07,145.07694916050048,-198.48773448571416,-53.41078532521368
2022-04-08,991.5822478872034,57.89457737452259,1049.476825261726
2022-04-11,7612.14908090476,-138.63087051379134,7473.518210390968
2022-04-12,2892.6585143345633,1108.435858226354,4001.0943725609172
2022-04-13,-1504.5070041084105,225.34492399248614,-1279.1620801159243
2022-04-14,1656.720636750295,700.2803368864459,2357.000973636741
2022-04-18,1069.0580932184878,-129.7417891321016,939.3163040863863
2022-04-19,-1101.0504531425947,563.211541262362,-537.8389118802328
2022-04-20,978.3378602616226,222.86394528882067,1201.2018055504432
2022-04-22,36833.132266854824,-441.2768081839818,36391.85545867084
2022-04-25,-1807.5916815396454,28.596772648167224,-1778.9949088914782
2022-04-26,25707.353702205837,-523.5260100457863,25183.82769216005
2022-04-27,75.21555615064699,-79.65417925737162,-4.438623106724634
2022-04-28,-1259.0445412717895,605.7446635989173,-653.2998776728722
2022-04-29,21679.131796317073,9.131890854560169,21688.263687171635
2022-05-02,-7876.362147642192,235.88042728103275,-7640.481720361159
2022-05-03,-26725.948316071896,812.2693708980997,-25913.678945173797
2022-05-04,24751.76158097916,-423.00319479251084,24328.75838618665
2022-05-05,51660.01400403506,181.01750477387154,51841.031508808934
2022-05-06,-42797.749392104,1077.9995619547492,-41719.74983014925
2022-05-09,20712.558568484197,-108.6620264070622,20603.896542077135
2022-05-10,-53136.830911331184,1893.0250300380967,-51243.80588129309
2022-05-11,17028.69434933937,10.957064359836643,17039.65141369921
2022-05-12,-4026.2937596256434,-20.48889324422415,-4046.7826528698674
2022-05-13,-5754.159554924546,-57.82681450278344,-5811.986369427329
2022-05-16,7343.208061863297,113.43501725878244,7456.64307912208
2022-05-17,-31452.517015000696,267.1627136550775,-31185.35430134562
2022-05-18,14873.732769660499,-1.1902408676370868,14872.542528792861
2022-05-19,-33127.07907634061,265.3633042690314,-32861.71577207158
2022-05-20,14279.227254483983,204.2668819925603,14483.494136476544
2022-05-23,20220.571453201945,-310.1361540013923,19910.43529920055
2022-05-24,340.6872771337299,-171.34867217879068,169.3386049549392
2022-05-25,-21449.56918899558,-59.43724497846834,-21509.00643397405
2022-05-26,17034.48384159348,170.55943390135673,17205.043275494834
2022-05-27,153.81616976270385,-157.96725343102156,-4.15108366831771
2022-05-30,-10893.830320076195,27.0900776456157,-10866.740242430578
2022-05-31,716.550496416968,35.827257853068,752.377754270036
2022-06-01,352.81569039867543,24.230503153145293,377.0461935518207
2022-06-02,-10209.31549419188,78.25388873467605,-10131.061605457204
2022-06-03,9709.464481681254,-135.2124640931535,9574.2520175881
2022-06-06,-30501.646980846497,266.8928619152758,-30234.75411893122
2022-06-07,-1504.932944248214,-21.66683412010118,-1526.5997783683151
2022-06-08,14647.67567284517,-256.9357861452137,14390.739886699956
2022-06-09,9646.36460174234,-125.15173165908853,9521.21287008325
2022-06-10,8877.35672929188,19.03052826845945,8896.38725756034
2022-06-13,70659.00061873623,-442.4949279981233,70216.50569073811
2022-06-14,-8057.269891911939,-63.60032110204869,-8120.870213013988
2022-06-15,12230.27755673826,-276.58897783894116,11953.688578899319
2022-06-17,83376.22749116443,-545.6010972673345,82830.6263938971
2022-06-20,1204.196531752934,-251.84735184557562,952.3491799073585
2022-06-21,-709.9548540379548,-481.006365343801,-1190.9612193817557
2022-06-22,-85025.02290802942,507.87494173482656,-84517.1479662946
2022-06-23,17757.347252998297,-232.26066260096647,17525.08659039733
2022-06-24,-42229.08783512006,266.353553658827,-41962.734281461235
2022-06-27,48720.82131326817,-282.58599325426803,48438.235320013904
2022-06-28,-6865.177208199881,-5.960288003216338,-6871.137496203097
2022-06-29,-29511.92504247465,294.5445785711819,-29217.380463903468
2022-06-30,-1586.8881579648673,1.872040054605634,-1585.0161179102618
2022-07-01,4794.671839434019,-87.28071912308957,4707.391120310929
2022-07-04,-48702.02692698612,643.3576678286687,-48058.66925915745
2022-07-05,-96471.76595368312,312.8489207802669,-96158.91703290286
2022-07-06,4762.612114497755,317.4065198093251,5080.01863430708
2022-07-07,22299.054262686223,-110.12460019923041,22188.929662486993
2022-07-08,1934.4927689812064,6.45705882589586,1940.9498278071023
2022-07-11,30751.091118912802,219.67424537964894,30970.765364292452
2022-07-12,-27361.35950846391,322.16326211368056,-27039.196246350228
2022-07-13,-26267.618243477984,-147.14785791882468,-26414.76610139681
2022-07-14,4694.140196515151,-439.46896301841645,4254.671233496734
2022-07-15,-1506.7833752958104,198.54770574298297,-1308.2356695528274
2022-07-18,-61129.161558951986,251.46038245187242,-60877.701176500115
2022-07-19,24582.898485798018,-585.7399427831768,23997.15854301484
2022-07-20,-37840.51814025251,159.19019346834642,-37681.327946784164
2022-07-21,-42406.70754043933,481.12289904182666,-41925.58464139751
2022-07-22,-3092.870240520879,53.50654152060984,-3039.363699000269
2022-07-25,38964.51578749073,-261.4554806892135,38703.06030680152
2022-07-26,-31380.717983264338,193.07104148378883,-31187.64694178055
2022-07-27,56999.61593966294,5.705665380741252,57005.321605043675
2022-07-28,23709.67300536143,27.409008051694634,23737.082013413125
2022-07-29,5312.727660662041,-363.3066191652382,4949.421041496803
2022-08-01,8072.772890647571,45.461560676853075,8118.234451324424
2022-08-02,7535.333151514638,-139.05065977013084,7396.282491744508
2022-08-03,-10492.648557835373,-37.495250908151824,-10530.143808743525
2022-08-04,71596.90770070188,-275.71597823983245,71321.19172246204
2022-08-05,7054.218810264633,16.292416001030432,7070.511226265664
2022-08-08,18897.08046003587,195.3623415251236,19092.442801560996
2022-08-09,-25049.5854558156,-100.51607209406927,-25150.10152790967
2022-08-10,-11186.384604586645,3.439269270892037,-11182.945335315753
2022-08-11,-145243.83735017347,170.1135065095022,-145073.72384366396
2022-08-12,107448.0153763982,-738.2218801145808,106709.79349628362
2022-08-15,-4516.60823867314,-39.68758007199433,-4556.295818745134
2022-08-16,-187490.76993595046,1011.8668813171621,-186478.9030546333
2022-08-17,-1075.6452177305277,365.4340760212742,-710.2111417092535
2022-08-18,-3311.1590464557053,396.9378732784703,-2914.221173177235
2022-08-19,98687.76362674581,-617.1752164104653,98070.58841033535
2022-08-22,-31016.405690871943,170.23053086178285,-30846.17516001016
2022-08-23,60914.4137093206,-10.657197593322525,60903.756511727275
2022-08-24,-61534.640482049486,308.87494079895805,-61225.76554125053
2022-08-25,-2418.8657126310964,-9.127762770868083,-2427.9934754019646
2022-08-26,6382.519561592727,-240.5710073987665,6141.94855419396
2022-08-29,-36359.515492048246,185.97519806323552,-36173.54029398501
2022-08-30,78173.67519505105,-451.1689966595006,77722.50619839155
2022-08-31,16309.469123204952,-287.1988952920121,16022.270227912939
2022-09-01,-997.8517846470851,358.47578032171765,-639.3760043253674
2022-09-02,-93.98311707685437,-217.98906440069226,-311.97218147754666
2022-09-05,-45447.59805231934,-11.815854437428879,-45459.413906756774
2022-09-06,115095.68495478107,-683.5209139895305,114412.16404079154
2022-09-08,-115377.19424196423,360.79993343237703,-115016.39430853185
2022-09-09,72006.20071841254,-564.7084691230347,71441.4922492895
2022-09-12,-2532.580812570328,336.07604362621095,-2196.504768944117
2022-09-13,54605.58331924364,232.25978901890466,54837.84310826255
2022-09-14,6478.446375870923,75.37829127823352,6553.824667149156
2022-09-15,15999.426393139576,-123.93821376869114,15875.488179370885
2022-09-16,-8586.322969303448,485.7901641699526,-8100.5328051334955
2022-09-19,91629.13651718176,-32.15203178315025,91596.98448539861
2022-09-20,-2426.835992618262,-84.32665708334271,-2511.1626497016046
2022-09-21,11594.9921527969,30.187204338986135,11625.179357135887
2022-09-22,33155.42858011795,42.42673058708702,33197.85531070504
2022-09-23,118431.68317902752,-767.8664300300485,117663.81674899747
2022-09-26,109458.69181036233,-279.01260950388814,109179.67920085845
2022-09-27,-6681.58654466945,0.6650709288370962,-6680.921473740613
2022-09-28,-4338.803486477676,337.84310593831054,-4000.960380539366
2022-09-29,-8573.676307321562,141.1787125109557,-8432.497594810608
2022-09-30,79174.66446424811,-570.9495141002758,78603.71495014784
2022-10-03,655530.5818468517,-2421.574600851875,653109.0072459999
2022-10-04,-75802.39043376457,-231.39914659815383,-76033.78958036272
2022-10-05,6403.120267976768,-115.55968301802325,6287.5605849587455
2022-10-06,-61601.34418276105,136.14711537519042,-61465.19706738586
2022-10-07,35100.370596857065,-256.1828535023456,34844.18774335472
2022-10-10,-35829.011964014,-53.07677485719246,-35882.088738871185
2022-10-11,20579.989801656204,295.6212438864681,20875.61104554267
2022-10-13,-172315.85407190176,807.6629561833151,-171508.19111571845
2022-10-14,97546.57233440188,35.11571578192905,97581.6880501838
2022-10-17,43963.53714183445,-83.32842975813709,43880.20871207632
2022-10-18,84340.32284838561,-70.28819018668668,84270.03465819891
2022-10-19,4266.508603063142,-151.64033143280253,4114.868271630339
2022-10-20,-105979.48362338048,167.29739053753678,-105812.18623284294
2022-10-21,93137.47760357015,-88.36010073187786,93049.11750283827
2022-10-24,206158.33431040877,-2433.8510694828688,203724.4832409259
2022-10-25,40512.24221251888,114.15899244225187,40626.401204961134
2022-10-26,62313.45068611863,-991.2118505875477,61322.23883553108
2022-10-27,37324.17206031844,-178.38112044126896,37145.790939877166
2022-10-28,468.0771767701531,-202.7767034871435,265.3004732830096
2022-10-31,-44143.55808542115,-1093.0961361085417,-45236.654221529694
2022-11-01,-13945.135578100595,141.5093377459191,-13803.626240354675
2022-11-03,-10569.030981122869,-106.3992930214429,-10675.430274144312
2022-11-04,20860.178982488622,-477.0331832603457,20383.145799228278
2022-11-07,136591.61736988847,-322.2483419987204,136269.36902788974
2022-11-08,-130866.14511538122,397.5007226113922,-130468.64439276983
2022-11-09,147981.44650361154,-3610.645387587541,144370.801116024
2022-11-10,190012.1066045728,-377.1389798410574,189634.96762473174
2022-11-11,109162.20414832953,-946.2262939983192,108215.97785433121
2022-11-14,-129574.63214092521,244.14511477018632,-129330.48702615502
2022-11-16,183674.22591230233,-922.2056586621868,182752.02025364013
2022-11-17,-1270.153256346621,26.822664522619174,-1243.3305918240019
2022-11-18,5007.765450010638,-127.27806790999317,4880.487382100645
2022-11-21,-128021.28824785927,177.47675354444576,-127843.81149431482
2022-11-22,-3007.9311126241787,-54.99963924200334,-3062.930751866182
2022-11-23,-3667.9080870850817,38.66757414626617,-3629.2405129388153
2022-11-24,128397.21840058813,-160.446592439534,128236.7718081486
2022-11-25,62256.28090860334,158.50998946701807,62414.79089807036
2022-11-28,-147634.3298103584,21.70758855783052,-147612.6222218006
2022-11-29,87461.05120333252,-351.55186635690563,87109.49933697561
2022-11-30,49585.199558407345,-253.3402052458509,49331.8593531615
2022-12-01,42187.11710743242,-188.0511500403468,41999.06595739208
2022-12-02,-105886.18737892073,334.8062537753467,-105551.38112514539
2022-12-05,-702752.1625754547,2226.3968037620552,-700525.7657716926
2022-12-06,537.0907093556035,231.00088373939798,768.0915930950015
2022-12-07,-28192.424209476005,126.67607593341015,-28065.748133542595
2022-12-08,83624.46416372072,-56.327912429589134,83568.13625129113
2022-12-09,-8277.698531237147,169.9753346604324,-8107.723196576715
2022-12-12,125300.66817654224,-114.30773271739632,125186.36044382484
2022-12-13,18462.700244692543,-867.1689250753293,17595.531319617214
2022-12-14,-863.8794251690774,-575.8372130522896,-1439.716638221367
2022-12-15,-91683.80426042233,-68.18736823788785,-91751.99162866022
2022-12-16,-61780.66983291662,122.53293443690563,-61658.136898479715
2022-12-19,-24311.43668765689,-262.19794965316663,-24573.634637310057
2022-12-20,180066.39811195683,-93.7888393030841,179972.60927265376
2022-12-21,-20501.534525048282,366.6320153405406,-20134.902509707743
2022-12-22,-198111.91479581548,464.61517844769725,-197647.29961736777
2022-12-23,-123230.16969081693,1654.2705562621725,-121575.89913455475
2022-12-26,-18245.6107070813,32.879302525297405,-18212.731404556005
2022-12-27,-70566.40248911128,665.7118719330864,-69900.69061717819
2022-12-28,8751.648355894957,264.45859337002935,9016.106949264986
2022-12-29,267.9905113996896,468.56332761105983,736.5538390107495
2023-01-02,260497.23946993228,898.1271146817639,261395.36658461404
2023-01-03,76340.97773859493,-143.3670878629525,76197.61065073198
2023-01-04,57672.01974832,190.5689475085176,57862.58869582852
2023-01-05,110578.50766682041,87.16788996660078,110665.67555678701
2023-01-06,-94522.83536561477,191.61633213322042,-94331.21903348155
2023-01-09,-14868.167736276018,76.87997668562866,-14791.28775959039
2023-01-10,-61514.01114252407,3296.9977569028624,-58217.013385621205
2023-01-11,-352613.3554752979,647.1860580267389,-351966.16941727116
2023-01-12,-159241.80624938814,1124.7561701936304,-158117.0500791945
2023-01-13,74.03792891406843,161.8821066149394,235.92003552900783
2023-01-16,-143173.34423571656,410.31056010043375,-142763.03367561614
2023-01-17,125165.64724708587,-1080.5666979514363,124085.08054913444
2023-01-18,2065.174168098818,-174.48606367726742,1890.6881044215506
2023-01-19,-11452.764469801172,29.592321886922818,-11423.172147914249
2023-01-20,-1140.1611589410945,149.9575473485168,-990.2036115925778
2023-01-23,6738.1263176985485,-315.59340209477705,6422.5329156037715
2023-01-24,-223011.08618544834,316.8479366992689,-222694.23824874905
2023-01-25,-207322.03362733306,312.2610540099234,-207009.77257332313
2023-01-26,-1692.1182018528357,72.84445861009465,-1619.2737432427411
2023-01-27,-42525.669098983984,116.19603958318037,-42409.47305940081
2023-01-30,-56522.820893712415,236.69270515101164,-56286.1281885614
2023-01-31,1914.1665746476501,152.44777954133457,2066.6143541889846
2023-02-01,17548.6525077489,-18.212582143723196,17530.439925605177
2023-02-02,-22875.53539752253,-42.07457141876346,-22917.609968941295
2023-02-03,59904.76731228865,-114.85593740193747,59789.91137488671
2023-02-06,-642.222986108536,-12.371357347867551,-654.5943434564035
2023-02-07,-125109.54900186893,376.660606811983,-124732.88839505694
2023-02-08,105278.07263588978,-813.9933039728362,104464.07933191695
2023-02-09,-53220.60011020057,254.03423122513573,-52966.56587897543
2023-02-10,-65911.21004693766,437.7437015678119,-65473.466345369845
2023-02-13,8994.836342141982,762.0749007284678,9756.91124287045
2023-02-14,50338.591265484894,0.6280516932237421,50339.21931717812
2023-02-15,47403.01568209904,-252.1693151572053,47150.846366941834
2023-02-16,-79360.77275023147,324.77349984783564,-79035.99925038363
2023-02-17,-165291.90741478017,263.264715916951,-165028.64269886323
2023-02-22,143787.5983980731,-409.07507763549427,143378.5233204376
2023-02-23,10097.64817899534,-70.79496134910312,10026.853217646236
2023-02-24,-77649.27296216774,262.1536914211069,-77387.11927074664
2023-02-27,-23462.827042038753,122.0739036339808,-23340.753138404772
2023-02-28,13374.77088566891,219.84544491374584,13594.616330582656
2023-03-01,-117555.85031672016,-243.45313688347977,-117799.30345360364
2023-03-02,28598.67695629936,-485.95369658549606,28112.723259713865
2023-03-03,-381015.8328308995,785.36650912673,-380230.4663217728
2023-03-06,-132178.3617314123,117.79046074586054,-132060.57127066643
2023-03-07,-38308.2061876916,-131.54729735007552,-38439.75348504167
2023-03-08,22086.72250796308,301.3198011367556,22388.042309099837
2023-03-09,6135.593754548853,7.564025966224823,6143.157780515078
2023-03-10,53150.50383084328,-273.4089805687588,52877.094850274516
2023-03-13,-100067.68208726124,155.06757914672198,-99912.61450811452
2023-03-14,-33094.0381715097,-30.540383641102146,-33124.5785551508
2023-03-15,-3269.785814212567,16.23163768233218,-3253.5541765302346
2023-03-16,14538.411451039361,-359.61022345275904,14178.801227586602
2023-03-17,-12984.709502305339,112.51432197443091,-12872.195180330908
2023-03-20,-155115.45335594847,1214.458239214745,-153900.9951167337
2023-03-21,-44534.03527365513,196.1997795587193,-44337.83549409641
2023-03-22,-12004.312917645106,224.98318294504827,-11779.329734700057
2023-03-23,146020.98367876798,45.33313140525569,146066.31681017324
2023-03-24,55130.54318472744,192.59883508550814,55323.14201981295
2023-03-27,-32472.738634910063,35.59456663153249,-32437.144068278532
2023-03-28,57602.18750916791,-145.32081868591825,57456.86669048199
2023-03-29,28280.580877128963,34.66774977114197,28315.248626900106
2023-03-30,117958.08921603196,-112.19361279470517,117845.89560323725
2023-03-31,93750.88366485393,-333.5657616250638,93417.31790322886
2023-04-03,-115057.73004723582,-415.6906270536513,-115473.42067428947
2023-04-04,-13385.59609502278,29.44557795948705,-13356.150517063294
2023-04-05,-127959.03244011443,564.7388582085264,-127394.2935819059
2023-04-06,-50705.05573873271,226.21682617281516,-50478.8389125599
2023-04-10,53863.98138696044,24.94269020026615,53888.92407716071
2023-04-11,750593.0104269895,-1675.1832729095713,748917.8271540799
2023-04-12,-124238.28182805699,424.12264583730723,-123814.15918221968
2023-04-13,-142834.28934890262,189.97501817958434,-142644.31433072302
2023-04-14,-5167.257112085735,862.1809225616012,-4305.076189524134
2023-04-17,-18615.354743051692,249.7596222416028,-18365.59512081009
2023-04-18,-44845.23691842126,-13.846085909392055,-44859.08300433065
2023-04-19,54874.93763636218,18.63213341809239,54893.56976978027
2023-04-20,647.4247326060844,-67.37714105581034,580.0475915502741
2023-04-24,-4420.371635089175,-115.89563043676091,-4536.267265525936
2023-04-25,-136054.55132108653,242.8317593421063,-135811.71956174442
2023-04-26,8630.15581218575,38.559589382645406,8668.715401568395
2023-04-27,-93750.21500620252,175.02345779949644,-93575.19154840302
2023-04-28,96460.78514316051,-263.8494685264865,96196.93567463402
2023-05-02,224928.80381748336,-517.0676702662093,224411.73614721716
2023-05-03,-9011.750062788615,487.18238085130895,-8524.567681937306
2023-05-04,-34354.81073505006,428.8622674425746,-33925.948467607486
2023-05-05,351849.49918057566,-735.7153610367972,351113.78381953883
2023-05-08,3314.360247355152,181.89706587503017,3496.257313230182
2023-05-09,29887.095768652198,176.77964671824708,30063.875415370447
2023-05-10,-204023.7446706345,233.59145335326076,-203790.15321728124
2023-05-11,-69951.68297791161,-77.30459237237167,-70028.98757028398
2023-05-12,-98061.02879182124,253.44218709205398,-97807.5866047292
2023-05-15,-9105.057587608555,52.635731210011826,-9052.421856398543
2023-05-16,31753.828476228096,94.05123504959509,31847.879711277692
2023-05-17,41102.18449969422,-88.90649906672039,41013.278000627506
2023-05-18,-6869.638730080544,208.60393554993746,-6661.034794530606
2023-05-19,-107238.14581718257,483.4430124459498,-106754.70280473662
2023-05-22,-49447.9607064638,62.63625502316323,-49385.32445144063
2023-05-23,9027.541086757106,-7.139944771226107,9020.40114198588
2023-05-24,26246.255582516646,-234.64925096782252,26011.606331548825
2023-05-25,-260289.92959973065,392.7472220937056,-259897.18237763693
2023-05-26,-7591.59259641927,-96.01582633538821,-7687.608422754658
2023-05-29,11674.673878764372,60.764528795849245,11735.438407560221
2023-05-30,19676.969189631633,7.52151366270361,19684.490703294337
2023-05-31,16734.656825713388,-34.18088958166428,16700.475936131723
2023-06-01,28223.998699636788,-114.93659481765702,28109.06210481913
2023-06-02,-63688.178420470125,167.4725101439413,-63520.705910326185
2023-06-05,-16786.497284895253,485.0532781171372,-16301.444006778116
2023-06-06,93814.22753906575,58.25464368313184,93872.48218274888
2023-06-07,-55194.51041526113,25.023297672369033,-55169.48711758876
2023-06-09,33831.57453410957,-362.19652666615605,33469.37800744341
2023-06-12,-20683.984591936336,-208.55918230843992,-20892.543774244776
2023-06-13,-676536.5741784142,1457.26064492966,-675079.3135334845
2023-06-14,126777.8964391673,408.4291088186054,127186.3255479859
2023-06-15,-19333.039559402478,-202.68040047836666,-19535.719959880844
2023-06-16,10919.001038581016,40.77348596095724,10959.774524541974
2023-06-19,6271.335207507139,-181.22678175664439,6090.1084257504945
2023-06-20,9757.067038027137,39.470996988508944,9796.538035015647
2023-06-21,-266395.92084213113,231.28156527680468,-266164.63927685434
2023-06-22,109440.14524573021,-109.71406995636053,109330.43117577385
2023-06-23,-19791.16128095241,-84.0747128629587,-19875.235993815368
2023-06-26,-7362.862632293088,157.96204863958755,-7204.9005836535
2023-06-27,-26453.257509916573,-43.276795968172095,-26496.534305884747
2023-06-28,44918.609489919036,12.623393061367445,44931.2328829804
2023-06-29,-777.5116312985298,149.90158408444887,-627.6100472140809
2023-06-30,-320602.6935613326,436.79509314252584,-320165.89846819005
2023-07-03,29357.51733215267,-60.46976891903762,29297.047563233635
2023-07-04,33146.83733881198,90.7066319848906,33237.54397079687
2023-07-05,-266589.332788474,818.8929432186835,-265770.4398452553
2023-07-06,161066.0031870411,-113.46907857314922,160952.53410846795
2023-07-07,18040.499585246507,-29.26842805343478,18011.231157193073
2023-07-10,46945.129162230165,-54.079753691356366,46891.049408538805
2023-07-11,16603.157376622097,-44.06886194994367,16559.088514672152
2023-07-12,1572.3219802810045,66.33370878968142,1638.6556890706859
2023-07-13,54549.41799189763,30.711982697838362,54580.12997459547
2023-07-14,62116.6549212096,106.19076721890012,62222.8456884285
2023-07-17,-41035.101859085444,135.6409596979213,-40899.46089938752
2023-07-18,3154.4024075509506,40.53559620987593,3194.9380037608266
2023-07-19,-1057.6571621088392,-181.4205903986084,-1239.0777525074477
2023-07-20,-14632.776996609802,45.46370256468801,-14587.313294045114
2023-07-21,112099.95441386892,-85.53818488640499,112014.41622898252
2023-07-24,-53916.91489106423,-494.7105417450873,-54411.62543280932
2023-07-25,-33823.638773018945,90.66761797774481,-33732.9711550412
2023-07-26,-11224.465703784981,52.7121647347613,-11171.75353905022
2023-07-27,240818.671474291,-702.0677444344814,240116.60372985652
2023-07-28,-106329.13728792075,49.60875838869541,-106279.52852953205
2023-07-31,35691.04113587481,-149.43779319492097,35541.60334267989
2023-08-01,-124293.20292635162,288.53587646158843,-124004.66704989003
2023-08-02,-109472.26472427412,290.234893697728,-109182.0298305764
2023-08-03,7238.271315033508,-129.02280138376918,7109.248513649738
2023-08-04,-64600.10024486865,-488.05657068124265,-65088.15681554989
2023-08-07,-19621.182695717805,138.8099913087355,-19482.37270440907
2023-08-08,-69482.44817579602,625.1088718287779,-68857.33930396724
2023-08-09,14376.63176885536,333.19986957188866,14709.83163842725
2023-08-10,-13031.96059111147,45.93104205783949,-12986.02954905363
2023-08-11,-171957.69046640754,238.90969017974945,-171718.7807762278
2023-08-14,46061.17767849368,59.91946270220155,46121.09714119588
2023-08-15,5992.01110085622,0.9185530602995021,5992.92965391652
2023-08-16,-35752.23681441003,71.92437144748547,-35680.312442962546
2023-08-17,8107.226027636149,-25.86328342719614,8081.362744208954
2023-08-18,-16250.71419452417,357.11439751227806,-15893.599797011891
2023-08-21,-32928.753334424866,169.04238968973075,-32759.710944735136
2023-08-22,112222.70951945474,-91.05296070688013,112131.65655874787
2023-08-23,125531.68181395848,-341.2565639499331,125190.42525000854
2023-08-24,25422.594996196312,-35.585073611714364,25387.0099225846
2023-08-25,25982.9877684562,-47.21032591633818,25935.777442539864
2023-08-28,-45069.13919981664,-311.87149563576753,-45381.0106954524
2023-08-29,58142.746752951105,308.98944198708125,58451.73619493819
2023-08-30,-66566.7924337952,137.39703478056953,-66429.39539901463
2023-08-31,102240.03139646369,-150.21694489220005,102089.81445157148
2023-09-01,179734.31845734874,-314.527758569085,179419.79069877966
2023-09-04,-168722.49150750562,214.40384483790672,-168508.0876626677
2023-09-05,-75447.1302655542,-68.4128731669965,-75515.54313872119
2023-09-06,34068.79019057062,-0.6828738805903285,34068.107316690024
2023-09-08,-1931.040329575912,114.66107083081472,-1816.3792587450973
2023-09-11,92578.30939567207,-205.4284021939193,92372.88099347815
2023-09-12,-52850.698101150185,92.88840960964887,-52757.80969154053
2023-09-13,-88064.02366663342,-51.08134035396753,-88115.10500698739
2023-09-14,44581.085248128766,-140.94191823429938,44440.14332989447
2023-09-15,10151.162924355336,-8.030817619162903,10143.132106736173
2023-09-18,5485.444244723756,343.3237852800058,5828.768030003762
2023-09-19,-2952.1869028173305,101.6704623363014,-2850.5164404810293
2023-09-20,-145007.26899428654,175.2305145450589,-144832.0384797415
2023-09-21,183911.87298043864,223.90980529351478,184135.78278573215
2023-09-22,-23900.899105736993,146.70166944009367,-23754.197436296898
2023-09-25,-18154.619264003177,-136.96402657682995,-18291.583290580005
2023-09-26,-112139.36120061006,437.08988048354774,-111702.27132012651
2023-09-27,-1296.274600374538,173.59938962885093,-1122.675210745687
2023-09-28,-35772.23557671361,-37.05907602483092,-35809.29465273844
2023-09-29,25169.49687574342,4.2608068165001045,25173.75768255992
2023-10-02,75532.96095203614,-92.90208904085655,75440.05886299528
2023-10-03,94415.89944410892,36.09326482891884,94451.99270893783
2023-10-04,-28054.89037563418,203.47104632938365,-27851.419329304794
2023-10-05,1473.5336324273899,-57.72971212451445,1415.8039203028754
2023-10-06,44458.60807643662,-330.94402238961504,44127.664054047
2023-10-09,37585.00703692061,-164.91530216900975,37420.0917347516
2023-10-10,117693.95384426633,-85.05959639695081,117608.89424786938
2023-10-11,2459.8787056997226,-15.551963136293395,2444.326742563429
2023-10-13,5856.60211122172,-139.95668254953034,5716.64542867219
2023-10-16,10094.562458286891,-38.53006072361661,10056.032397563275
2023-10-17,2483.18195025741,50.502531194279854,2533.68448145169
2023-10-18,140574.85031935075,-339.04395315332124,140235.80636619742
2023-10-19,-9653.087625326032,4.392588490637573,-9648.695036835394
2023-10-20,-10125.502709783917,-150.83281813408456,-10276.335527918001
2023-10-23,-142891.08914765413,-307.2635756011669,-143198.3527232553
2023-10-24,-135779.09734760906,81.8948136984702,-135697.20253391057
2023-10-25,-11478.31695480867,-768.2843816267462,-12246.601336435417
2023-10-26,132648.0346575825,-234.54756433520544,132413.4870932473
2023-10-27,13493.859587708848,-69.41482201588133,13424.444765692966
2023-10-30,-66482.32289685815,89.17692094166975,-66393.14597591649
2023-10-31,1377.6559627732158,-223.07377713408295,1154.5821856391328
2023-11-01,47935.18785035971,61.7740969167288,47996.96194727644
2023-11-03,236273.0300952795,-514.9473814039902,235758.0827138755
2023-11-06,3841.5802866388467,-44.35936153638591,3797.2209251024606
2023-11-07,15117.644980779678,-79.67731509095289,15037.967665688726
2023-11-08,-91825.48831744507,18.37035609629495,-91807.11796134878
2023-11-09,-26012.81235625258,-201.21351648555918,-26214.02587273814
2023-11-10,498.9270488873358,-13.233095960798586,485.6939529265372
2023-11-13,-43130.90991814255,-138.1995816336417,-43269.10949977619
2023-11-14,363903.50293387985,-583.6246078090722,363319.8783260708
2023-11-16,-2083.249943174387,-2.2730888183741698,-2085.5230319927614
2023-11-17,-22923.15487288941,2.3141072883429143,-22920.840765601064
2023-11-20,12464.317192019993,-12.916475418283937,12451.400716601709
2023-11-21,971.932993778136,-59.197383532367226,912.7356102457688
2023-11-22,-19652.811077168335,79.78601296478284,-19573.025064203553
2023-11-23,-364177.0249830486,536.2834220552176,-363640.7415609934
2023-11-24,61699.68721686586,-16.216380933740133,61683.470835932116
2023-11-27,-4178.383304868384,132.40407212238472,-4045.979232745999
2023-11-28,-181424.03857811925,204.43324855804912,-181219.6053295612
2023-11-29,21312.730106593226,-15.535745290875035,21297.19436130235
2023-11-30,-28230.529757025204,-1.280820095764705,-28231.81057712097
2023-12-01,-6454.925028511609,-196.06304192095928,-6650.988070432568
2023-12-04,-51082.43147845374,83.14153756338577,-50999.289940890354
2023-12-05,-179311.64977907168,217.6128600254867,-179094.0369190462
2023-12-06,101706.55897531162,18.736735696579697,101725.2957110082
2023-12-07,-17930.909829277243,75.75718308566098,-17855.152646191582
2023-12-08,5636.14215917186,142.51562043257746,5778.657779604438
2023-12-11,-15064.426784803862,199.0508176487774,-14865.375967155083
2023-12-12,-61197.62095006258,-121.86036158531321,-61319.48131164789
2023-12-13,313592.60478485737,-572.9227085511009,313019.68207630626
2023-12-14,-86357.48819593595,333.64149866465806,-86023.84669727129
2023-12-15,29773.873972317626,-25.479616504180633,29748.394355813445
2023-12-18,-34332.67113075881,217.06857572322428,-34115.602555035584
2023-12-19,-241162.1397661948,542.0480755998913,-240620.0916905949
2023-12-20,74303.13839520275,-192.25843236921477,74110.87996283354
2023-12-21,-46878.140477059984,119.90348392113185,-46758.23699313885
2023-12-22,-32496.399745072253,526.4460926450492,-31969.953652427204
2023-12-26,-12266.974841191379,230.1058575238306,-12036.868983667548
2023-12-27,-95672.4211237412,1058.2940828470882,-94614.1270408941
2023-12-28,-99927.7774153164,232.44706906179874,-99695.3303462546
2024-01-02,-35230.14176474141,282.7584531751703,-34947.38331156624
2024-01-03,-65030.06776128872,-44.584755179791365,-65074.652516468515
2024-01-04,156800.10051079508,68.37342051286615,156868.47393130793
2024-01-05,-107965.39052439173,-56.01198621375031,-108021.40251060548
2024-01-08,-327145.5449048152,516.8292671136794,-326628.7156377015
2024-01-09,55336.40147253734,-170.7918591002036,55165.60961343714
2024-01-10,17240.499268594438,143.88821433480692,17384.387482929244
2024-01-11,210.01695374577287,-12.713230404238036,197.30372334153483
2024-01-12,-4985.023741358513,291.7473311903562,-4693.276410168157
2024-01-15,-70830.54267022281,143.56757163724384,-70686.97509858556
2024-01-16,199862.3049324493,15.468936697986486,199877.7738691473
2024-01-17,-269707.06417128025,587.8725762256396,-269119.1915950546
2024-01-18,9144.598261063456,132.14481320493064,9276.743074268386
2024-01-19,-4024.6493278925645,83.13686175162692,-3941.5124661409377
2024-01-22,4327.660272420309,-52.76339930466956,4274.89687311564
2024-01-23,80870.0163546622,1.4799806358116934,80871.49633529801
2024-01-24,3652.8972540030672,44.66384988757646,3697.5611038906436
2024-01-25,-5640.950048483723,-89.43999081976108,-5730.390039303484
2024-01-26,-24294.39909137957,-176.62404533822487,-24471.023136717795
2024-01-29,9917.086602634256,-112.81978857483023,9804.266814059425
2024-01-30,22532.770616958493,-85.22099163643377,22447.54962532206
2024-01-31,-4328.886238221176,82.99484971660445,-4245.891388504572
2024-02-01,-34867.74778867973,163.40878055813465,-34704.33900812159
2024-02-02,39557.043779874424,218.35382669572468,39775.39760657015
2024-02-05,-54741.16364229529,-4.474815163423148,-54745.638457458714
2024-02-06,286783.98551610974,-720.469142193029,286063.5163739167
2024-02-07,-45670.64622216954,-2738.3165667239114,-48408.96278889345
2024-02-08,81468.44066915219,-137.79266271346836,81330.64800643871
2024-02-09,-43631.649188941454,86.37979541298226,-43545.26939352847
2024-02-14,41435.29184346636,-12.158748599106001,41423.133094867255
2024-02-15,12744.912566968207,80.27708214409803,12825.189649112304
2024-02-16,-332660.74322516815,441.6678525225356,-332219.07537264563
2024-02-19,-64394.27252006336,154.9174193198211,-64239.35510074354
2024-02-20,15214.539252480488,-192.91934833382962,15021.619904146659
2024-02-21,-27088.767785595082,-320.4737990478471,-27409.24158464293
2024-02-22,-19210.504102829917,-169.5917262161492,-19380.095829046066
2024-02-23,-12860.195264594026,36.18562513094632,-12824.00963946308
2024-02-26,-63509.69424920086,6.772826078108508,-63502.92142312275
2024-02-27,139097.71368690973,-328.65593306308614,138769.05775384663
2024-02-28,54398.22723990174,-327.0535431843824,54071.17369671736
2024-02-29,19520.695617951576,-589.8580771674838,18930.837540784094
2024-03-01,2489.9736946815597,-47.40807044430176,2442.565624237258
2024-03-04,-46465.81749790918,111.44315547042497,-46354.37434243875
2024-03-05,-1449.9841950001771,36.75112227373854,-1413.2330727264386
2024-03-06,-53324.74328605641,-18.83284567081607,-53343.576131727226
2024-03-07,-18010.189829132752,-4.595563625881483,-18014.785392758633
2024-03-08,41543.28566066429,-914.4551255202211,40628.830535144065
2024-03-11,423.4480931650226,-32.39844311123239,391.04965005379023
2024-03-12,98021.92298241188,-165.41279364694273,97856.51018876494
2024-03-13,6092.078500856549,27.337811733810064,6119.416312590359
2024-03-14,-4067.4449774805285,2.8611984308835545,-4064.583779049645
2024-03-15,14588.32765799895,-38.62510356113866,14549.702554437812
2024-03-18,-169889.6378671905,69.41596746402638,-169820.22189972646
2024-03-19,-5388.8860912689315,-63.50168727393869,-5452.38777854287
2024-03-20,38829.19718221336,-21.560817277692593,38807.636364935664
2024-03-21,34828.03052255146,-113.14053042114554,34714.88999213032
2024-03-22,8237.667640712545,-9.51468810263603,8228.15295260991
2024-03-25,-108851.31169432864,24.21756922219143,-108827.09412510645
2024-03-26,-6545.8948792847095,-174.8177552477907,-6720.7126345325005
2024-03-27,22173.192916697073,150.10883593447036,22323.301752631545
2024-03-28,-17933.32156454643,131.36121606014507,-17801.960348486286
2024-04-01,38652.658095197025,-67.86558401074923,38584.79251118628
2024-04-02,-32628.016273040445,11.761457755931556,-32616.254815284512
2024-04-03,-2825.19217276468,-22.609150517229736,-2847.80132328191
2024-04-04,-20698.52880894382,-12.643118011985274,-20711.171926955805
2024-04-05,-47499.782741772266,-31.578972276758314,-47531.361714049024
2024-04-08,158586.96978056358,-234.5507334182418,158352.41904714535
2024-04-09,-256510.40427668716,644.4452032476192,-255865.95907343953
2024-04-10,95013.17008293283,2783.551101872411,97796.72118480524
2024-04-11,-52727.64579722957,151.65400174932884,-52575.99179548024
2024-04-12,75377.91752349847,-14.32150370740527,75363.59601979106
2024-04-15,-22887.487153068138,-91.2594809954662,-22978.746634063602
2024-04-16,3741.911648232592,36.81004876546429,3778.7216969980564
2024-04-17,-38366.24538830003,101.06197405184489,-38265.18341424818
2024-04-18,-5891.792268550428,56.755425321340766,-5835.036843229087
2024-04-19,6378.417771136171,186.61410394994445,6565.031875086115
2024-04-22,10342.788972470938,228.82716657785858,10571.616139048798
2024-04-23,11.480423487130302,62.49012730172619,73.97055078885649
2024-04-24,-14898.76163443724,-19.51093638568645,-14918.272570822926
2024-04-25,-3485.9159273722535,57.68523169638694,-3428.2306956758666
2024-04-26,-19318.411157408264,185.14674458674858,-19133.264412821514
2024-04-29,-41415.75216007761,243.7447261997567,-41172.00743387785
2024-04-30,28959.24831345372,522.1425089410321,29481.390822394755
2024-05-02,60644.04910116948,-53.028359590767835,60591.020741578715
2024-05-03,53691.69099819023,-70.96368304542392,53620.7273151448
2024-05-06,-2446.020980919475,21.91480344189424,-2424.106177477581
2024-05-07,-3098.4079130462005,-1603.5329508994091,-4701.94086394561
2024-05-08,-10526.605153488486,5.460058923933729,-10521.145094564552
2024-05-09,1365.0771342959354,763.7988983803933,2128.8760326763286
2024-05-10,-24355.773860404777,-75.72303923089066,-24431.49689963567
2024-05-13,-82274.69597453452,141.97845160627438,-82132.71752292824
2024-05-14,538.6184897221511,-16.28706941725907,522.331420304892
2024-05-15,5440.157734673515,-564.3853292402953,4875.772405433219
2024-05-16,-34795.042063163804,-67.501491152609,-34862.54355431641
2024-05-17,-208.6359948482765,33.9503202367303,-174.6856746115462
2024-05-20,-5427.23458650572,89.39657259979042,-5337.838013905929
2024-05-21,-91844.00737210354,-23.369423905658536,-91867.37679600921
2024-05-22,80098.48715965604,32.88749517715372,80131.3746548332
2024-05-23,-14534.584483854238,-165.72363937905027,-14700.308123233288
2024-05-24,5327.464414897729,-16.437675509746278,5311.026739387982
2024-05-27,2522.6060985405547,249.18665463257364,2771.7927531731284
2024-05-28,-14908.54349050645,-48.776254928448395,-14957.3197454349
2024-05-29,28119.494310991337,72.12102220564351,28191.61533319698
2024-05-31,-28384.9300750125,138.92963619711887,-28246.000438815383
2024-06-03,-18129.268673292667,-38.45991453771512,-18167.72858783038
2024-06-04,73.68444102498222,22.693711513557584,96.37815253853981
2024-06-05,460.0828724896264,134.34082987769935,594.4237023673257
2024-06-06,103587.56206730561,-310.41411686225086,103277.14795044337
2024-06-07,-21124.733031372423,-7.4277410263151555,-21132.16077239874
2024-06-10,-60025.51822534861,39.7344215646656,-59985.78380378395
2024-06-11,-55496.61053129365,202.6576248104604,-55293.95290648319
2024-06-12,96119.29430419803,-127.59346120918109,95991.70084298885
2024-06-13,-65717.32477710994,7.997170894952479,-65709.32760621498
2024-06-14,-6375.7005863803815,-19.569901250068813,-6395.270487630451
2024-06-17,-20029.77950931858,-41.627178049936745,-20071.40668736852
2024-06-18,16163.168005763962,-130.38846295464344,16032.77954280932
2024-06-19,23639.8904458732,-46.391281613188895,23593.49916426001
2024-06-20,-41185.69596369719,16.107914461709274,-41169.58804923548
2024-06-21,31783.40880825975,-243.13912316077833,31540.26968509897
2024-06-24,82242.13188395982,-32.04338947782186,82210.088494482
2024-06-25,-2594.869660418579,47.01290497701972,-2547.856755441559
2024-06-26,6161.720628765038,23.54373226518576,6185.264361030224
2024-06-27,-30581.87885113853,-1061.343591090869,-31643.2224422294
2024-06-28,-29590.029769549303,56.653501240422486,-29533.37626830888
2024-07-01,-46901.70164572071,36.019654394833985,-46865.68199132587
2024-07-02,-62153.85449628025,80.0585446636959,-62073.79595161655
2024-07-03,-45141.92249453926,78.27115953916882,-45063.6513350001
2024-07-04,12225.640956823152,-108.25514286085087,12117.3858139623
2024-07-05,-22970.1330093839,1421.7007837556516,-21548.432225628247
2024-07-08,419.8470370701411,-131.14000684930704,288.70703022083404
2024-07-09,-41877.44724817734,346.52999025094215,-41530.9172579264
2024-07-10,-10915.876386218197,175.10309516257735,-10740.773291055619
2024-07-11,30749.240816562364,-52.3740384822315,30696.866778080133
2024-07-12,8443.92273989262,24.86527284830473,8468.788012740924
2024-07-15,-3555.8162614375588,403.48752325977216,-3152.3287381777864
2024-07-16,60.97295263690555,157.00085262778654,217.9738052646921
2024-07-17,2710.5888708617235,-0.14331365298831328,2710.4455572087354
2024-07-18,124420.66725147142,-94.87109996831792,124325.79615150309
2024-07-19,-4930.741296914735,201.60065840667232,-4729.140638508063
2024-07-22,-130540.56864263324,84.39812780674008,-130456.1705148265
2024-07-23,30015.19491325205,146.3658949906577,30161.560808242706
2024-07-24,-7300.9948769731145,91.84246892964933,-7209.152408043466
2024-07-25,9719.594198073328,-22.062723190008526,9697.531474883319
2024-07-26,64995.22841645837,11.610783604896302,65006.83920006327
2024-07-29,-44215.28852144543,-124.98198976804804,-44340.27051121348
2024-07-30,12881.394254520006,98.62280163212493,12980.017056152132
2024-07-31,84264.60873430085,-786.8716906025086,83477.73704369835
2024-08-01,573.5085160741226,-156.5563137052101,416.9522023689125
2024-08-02,119275.02479728073,-568.8486783993424,118706.17611888138
2024-08-05,-82578.76457737318,-347.7776302134706,-82926.54220758665
2024-08-06,-198751.38748826104,36.85475438672959,-198714.5327338743
2024-08-07,48477.373430412124,-652.6445393824481,47824.72889102968
2024-08-08,16137.895281397901,-91.85638975963161,16046.038891638269
2024-08-09,-46729.024554014904,53.26530929623092,-46675.759244718676
2024-08-12,-15813.777973437755,20.584607960124092,-15793.193365477631
2024-08-13,35434.78682733339,-79.62106603135774,35355.16576130203
2024-08-14,-19573.939140205406,-2648.891425880657,-22222.830566086064
2024-08-15,7128.231336448578,-80.27002585732588,7047.961310591252
2024-08-16,7061.47759909585,-449.7352849312028,6611.742314164647
2024-08-19,83034.99234847436,-336.5641325250647,82698.4282159493
2024-08-20,-15577.357284527254,62.21098851673294,-15515.14629601052
2024-08-21,-46254.92673166344,-13.63472758511326,-46268.56145924856
2024-08-22,87841.54846337141,-191.5207396883178,87650.02772368309
2024-08-23,511.7930386160336,-4.273839150595061,507.51919946543853
2024-08-26,-56483.61815312666,788.0765553979186,-55695.54159772874
2024-08-27,-15440.118559594615,-114.87817004054286,-15554.996729635159
2024-08-28,-10485.085807070265,25.253082076793866,-10459.832724993472
2024-08-29,102545.68907489219,-72.80138697459066,102472.8876879176
2024-08-30,-15951.513025517226,62.66854114002936,-15888.844484377198
2024-09-02,65734.20922624567,-62.70183226993712,65671.50739397573
2024-09-03,31761.531589961778,14.68591811808527,31776.217508079862
2024-09-04,112994.85697139168,272.2593703359873,113267.11634172767
2024-09-05,-5362.2910530630015,2.863116799213743,-5359.427936263788
2024-09-06,234694.0798446937,-163.19927726450084,234530.8805674292
2024-09-09,-50568.164865121405,63.061018920329715,-50505.10384620108
2024-09-10,4255.496590788431,-32.07192454416635,4223.424666244265
2024-09-11,-2465.764256491922,-21.641372946038615,-2487.4056294379607
2024-09-12,26191.969999536173,-88.91691602661653,26103.053083509556
2024-09-13,26364.222778027055,-124.38379340598844,26239.838984621067
2024-09-16,-221473.19690519682,78.05593537676059,-221395.14096982006
2024-09-17,3406.8153483320557,-16.959600696060185,3389.8557476359956
2024-09-18,98831.7656315637,-57.03812061850012,98774.7275109452
2024-09-19,-85735.6255408129,-28.876067916079645,-85764.50160872898
2024-09-20,267645.32758738135,-216.170319380297,267429.15726800106
2024-09-23,791.5252828577205,-126.75993206426878,664.7653507934517
2024-09-24,-1124.5150718518162,-189.27728024851413,-1313.7923521003304
2024-09-25,1002.2299488486719,61.7594169831818,1063.9893658318538
2024-09-26,39954.722377051454,-411.30198531679406,39543.42039173466
2024-09-27,-111616.03968405047,1021.1039279517129,-110594.93575609876
2024-09-30,54137.609099261885,92.14115293034544,54229.75025219223
2024-10-01,-160315.79671573348,227.88429334416423,-160087.91242238932
2024-10-02,3387.3176366679922,446.99304923379407,3834.310685901786
2024-10-03,191302.4234699596,-53.137823231912066,191249.2856467277
2024-10-04,-84077.32828185472,619.0089104433171,-83458.3193714114
2024-10-07,-69170.07926741996,88.91984311648656,-69081.15942430348
2024-10-08,-194612.02302073804,-82.8521287673479,-194694.8751495054
2024-10-09,121766.43036935091,-125.53748058836959,121640.89288876254
2024-10-10,-87987.4667727252,146.81561114053662,-87840.65116158465
2024-10-11,-47564.393214040414,2602.184517029765,-44962.20869701065
2024-10-14,21996.05084576866,240.26549931770302,22236.31634508636
2024-10-15,-194.72200224911035,558.1002391041533,363.3782368550429
2024-10-16,-152628.29086712113,443.76089941232095,-152184.5299677088
2024-10-17,28963.80898989035,19.72342902097538,28983.532418911323
2024-10-18,-11524.31206335194,11.022024644436222,-11513.290038707502
2024-10-21,-65118.92073814776,179.86334577717886,-64939.05739237058
2024-10-22,-1452.8765188403904,-9.785889283010336,-1462.6624081234008
2024-10-23,-90633.67452771481,551.2692763631314,-90082.40525135168
2024-10-24,50135.41199913803,55.00962455521162,50190.42162369324
2024-10-25,-25001.881956168043,-196.9621238821382,-25198.84408005018
2024-10-28,46987.534360504724,-38.54727189472151,46948.98708861
2024-10-29,6506.276944570179,-15.355877073332971,6490.921067496846
2024-10-30,-39191.29025339455,-123.84577777452144,-39315.13603116907
2024-10-31,21759.48860865221,-62.06929024942339,21697.419318402786
2024-11-01,-64135.04637640079,11.80884769977977,-64123.23752870101
2024-11-04,350968.0922880869,-183.7622573582034,350784.3300307287
2024-11-05,-172296.10718037942,85.67662495812849,-172210.43055542128
2024-11-06,-928.3008217277302,-5.926592157346022,-934.2274138850762
2024-11-07,12329.26241898026,-53.876023533311674,12275.386395446947
2024-11-08,164391.52936454094,-303.51207611155723,164088.01728842937
2024-11-11,-11330.953282767623,-226.6107063228436,-11557.563989090466
2024-11-12,-58411.65694608244,-295.4051605977044,-58707.06210668015
2024-11-13,-6935.164103790679,68.05927992325236,-6867.104823867427
2024-11-14,3165.1142402170517,-38.57667426122948,3126.537565955822
2024-11-18,-60496.226596221284,-122.81823808878704,-60619.04483431007
2024-11-19,5233.234628885789,-5.1019254025783844,5228.13270348321
2024-11-21,-129071.02868946573,130.05863690850717,-128940.97005255723
2024-11-22,306115.7099305346,-60.17075117452757,306055.5391793601
2024-11-25,-163271.20771989744,113.03239960059005,-163158.17532029684
2024-11-26,38678.375815594,13.772507728269229,38692.14832332227
2024-11-27,164162.21603345225,121.55309113702387,164283.76912458928
2024-11-28,632191.3837785509,-798.7694244664788,631392.6143540844
2024-11-29,82950.67985272352,-181.63915649077583,82769.04069623274
2024-12-02,-46418.26004057392,61.35648070265757,-46356.903559871265
2024-12-03,-10986.714874260211,-112.17724207772709,-11098.892116337938
2024-12-04,-204408.5937914621,99.08530940171876,-204309.5084820604
2024-12-05,277424.6968163757,-167.4753532730407,277257.2214631027
2024-12-06,258390.19471531882,-434.7909899450033,257955.40372537382
2024-12-09,153266.18756245665,-155.20000343338128,153110.98755902326
2024-12-10,-76103.9129010781,-70.33996794117489,-76174.25286901928
2024-12-11,148313.89096078346,-428.3798860820024,147885.51107470147
2024-12-12,1089832.4453961472,-768.7481199519079,1089063.6972761953
2024-12-13,50310.4559685741,-75.95196639262558,50234.50400218147
2024-12-16,75108.66778752301,-143.84730477642768,74964.82048274658
2024-12-17,100565.42917925652,-42.530708447299695,100522.89847080922
2024-12-18,1407585.1906746398,-489.8583663873903,1407095.3323082523
2024-12-19,44400.03400008597,-645.6851506690398,43754.348849416936
2024-12-20,135229.10229204939,-307.7594391455184,134921.34285290388
2024-12-23,124302.67359557003,-90.55467555836552,124212.11892001166
2024-12-26,21167.512149684982,-20.43254681543658,21147.079602869548
2024-12-27,-67079.96055972154,72.26125400612067,-67007.69930571542
2024-12-30,5844.236528672818,126.29750270814945,5970.5340313809675
2025-01-02,-236065.2402470347,93.83652077252013,-235971.4037262622
2025-01-03,197518.17708627396,-133.0879527892376,197385.08913348473
2025-01-06,347251.19128533057,-116.5438234116445,347134.64746191894
2025-01-07,162771.01926024395,22.409182725363276,162793.4284429693
2025-01-08,15291.711124205212,-33.74549474358654,15257.965629461625
2025-01-09,-662220.0329036694,241.139042465085,-661978.8938612043
2025-01-10,33829.822107900734,-57.289751310318465,33772.53235659042
2025-01-13,19701.651999104397,38.727013248784836,19740.379012353183
2025-01-14,18892.339395118623,-35.681932092653845,18856.657463025967
2025-01-15,1131361.7700677318,-602.3789955220687,1130759.3910722097
2025-01-16,179026.39629821735,132.073375430465,179158.4696736478
2025-01-17,176729.3334933678,287.66406669950686,177016.9975600673
2025-01-20,8336.182959516143,-14.797864949697468,8321.385094566445
2025-01-21,87809.99236126016,33.07090202137629,87843.06326328154
2025-01-22,6529.596691594985,-1.2927192784268087,6528.303972316558
2025-01-23,-16732.459140487223,-54.3310266363998,-16786.79016712362
2025-01-24,-135511.18420024737,41.10963838424388,-135470.07456186312
2025-01-27,148865.6104047633,-968.477931553296,147897.13247321002
2025-01-28,52682.59510921391,74.61069038154454,52757.20579959545
2025-01-29,-78941.49185799953,44.76229307285581,-78896.72956492667
2025-01-30,889700.8857278426,-501.4945878559623,889199.3911399866
2025-01-31,-930669.7034596911,784.9077742416104,-929884.7956854495
2025-02-03,-111662.6528962604,191.77466156260476,-111470.8782346978
2025-02-04,52578.60725837663,170.8938158416234,52749.50107421825
2025-02-05,-71819.45035325343,314.4904579145597,-71504.95989533886
2025-02-06,51414.462041003615,101.16313194852785,51515.62517295215
2025-02-07,-78039.15430444296,-165.51755068627273,-78204.67185512923
2025-02-10,-259148.39806530994,503.94310943976296,-258644.45495587017
2025-02-11,-73269.81198606861,297.2811654049198,-72972.5308206637
2025-02-12,349400.2748897276,-177.92685429535877,349222.3480354322
2025-02-13,-184413.28786962625,234.3648227110785,-184178.92304691518
2025-02-14,-62381.28344913258,-85.79737358743523,-62467.08082272001
2025-02-17,-210918.18306525846,130.1112234306599,-210788.0718418278
2025-02-18,-127369.59679946971,323.54150492374964,-127046.05529454596
2025-02-19,57937.50221396987,-236.37500514322596,57701.12720882664
2025-02-20,-1810359.546234663,441.8347176062203,-1809917.711517057
2025-02-21,32135.52135833165,470.2142983447277,32605.735656676377
2025-02-24,278879.6922219946,-32.29360406839728,278847.3986179262
2025-02-25,-208031.341411671,131.08183562313735,-207900.25957604786
2025-02-26,179088.53490741295,-1100.913335417657,177987.6215719953
2025-02-27,-93228.59721267367,-471.1010740402992,-93699.69828671397
2025-02-28,474475.7114623174,-228.49594184406394,474247.2155204733
2025-03-05,-2031.8839610549628,-373.2303843407863,-2405.1143453957493
2025-03-06,-329034.0664316163,237.24166728945622,-328796.82476432686
2025-03-07,41143.577705913354,-67.54612330406195,41076.03158260929
2025-03-10,-84472.81935386793,123.26282727121679,-84349.55652659672
2025-03-11,-172728.12476997488,59.2861356831713,-172668.8386342917
2025-03-12,6970.78020778151,14.092546211958055,6984.872753993469
2025-03-13,160071.27599625743,125.9003218651243,160197.17631812257
2025-03-14,1017393.2964669531,-655.6005542888225,1016737.6959126643
2025-03-17,263647.5845854954,-143.13958682330235,263504.4449986721
2025-03-18,-1120476.7047353564,669.4794197983794,-1119807.225315558
2025-03-19,-248293.8928090483,155.24824004589686,-248138.6445690024
2025-03-20,-23962.817912353436,115.2899959412068,-23847.52791641223
2025-03-21,2079.22109252706,-41.32096987759788,2037.9001226494622
2025-03-24,111424.40707775982,-75.58156712901811,111348.8255106308
2025-03-25,-7211.618999739027,194.03571920031746,-7017.583280538709
2025-03-26,-52010.21227152581,-80.72369856377884,-52090.93597008959
2025-03-27,4874.251391237801,85.47634035917258,4959.727731596973
2025-03-28,-334004.30385394243,937.3918150939924,-333066.91203884844
2025-03-31,219749.90186822775,-68.5513184298992,219681.35054979785
2025-04-01,-17306.78742564885,60.412708585901086,-17246.37471706295
2025-04-02,-1186871.409313247,672.8783935041446,-1186198.530919743
2025-04-03,-77383.72235976328,-333.1945796979981,-77716.91693946128
2025-04-04,1569223.42423249,-544.4985118806637,1568678.9257206093
2025-04-07,229401.30766804132,-343.199213717162,229058.10845432416
2025-04-08,282202.50761358254,-392.58261810782335,281809.9249954747
2025-04-09,1599542.8416394652,-953.8506831309822,1598588.9909563342
2025-04-10,-64020.558493373785,122.15846186630624,-63898.40003150748
2025-04-11,86627.438412925,-157.18342919811448,86470.25498372687
2025-04-14,225092.41048228246,-2.101896981685253,225090.30858530078
2025-04-15,-550987.2344267017,390.75279924174686,-550596.4816274599
2025-04-16,97076.90818573696,68.88501261366237,97145.79319835063
2025-04-17,-1035808.9305956489,737.7093641399975,-1035071.221231509
2025-04-22,22722.666974390388,-43.55736340063593,22679.10961098975
2025-04-23,274239.91111748497,-115.99282380302718,274123.9182936819
2025-04-24,297462.2910832937,89.40407765398788,297551.6951609477
2025-04-25,-1679.0223187171587,32.282323058914216,-1646.7399956582444
2025-04-28,-44896.02977176095,190.18709590847172,-44705.84267585248
2025-04-29,-411742.6102034785,416.98718987303437,-411325.6230136055
2025-04-30,-8348.87000352339,-1240.9677918627794,-9589.837795386171
2025-05-02,-228471.34461283818,726.1772261291424,-227745.16738670904
2025-05-05,342371.17963577434,121.41904372548488,342492.5986794998
2025-05-06,-566075.1561389104,132.89356299484487,-565942.2625759155
2025-05-07,14253.64496035652,312.4460141202424,14566.090974476761
2025-05-08,632352.5098681224,-2181.515539324773,630170.9943287977
2025-05-09,-226378.66328006645,-600.7685035261104,-226979.43178359256
2025-05-12,-64607.327978395246,-432.6974306104434,-65040.02540900569
2025-05-13,194077.95254647842,-50.30413171076969,194027.64841476767
2025-05-14,78273.34408183815,-232.90359343731845,78040.44048840083
2025-05-15,-214244.2686901071,74.68670131453582,-214169.58198879258
2025-05-16,-998831.6521012632,-1935.9274140178059,-1000767.579515281
2025-05-19,-281882.2917268083,177.6412734323606,-281704.65045337594
2025-05-20,-13672.28641588668,-29.163361268318504,-13701.449777154998
2025-05-21,448500.70663535956,-284.67244203435007,448216.0341933252
2025-05-22,4408.596615366763,62.43434641670486,4471.030961783468
2025-05-23,9446.144435039849,40.086665734582645,9486.231100774432
2025-05-26,-136492.36754451855,103.88975837654702,-136388.477786142
2025-05-27,104761.80012926908,-185.99618866732683,104575.80394060175
2025-05-28,53382.77736395641,196.05081891880155,53578.828182875215
2025-05-29,-1579.7181656559374,-18.758525320200384,-1598.4766909761377
2025-05-30,60523.052915225155,-110.60710005490017,60412.44581517026
2025-06-02,-313816.98855551076,129.53970826045673,-313687.4488472503
2025-06-03,-22312.33569109822,100.04004354830907,-22212.29564754991
2025-06-04,44288.24251783051,-158.4689947990763,44129.773523031436
2025-06-05,73910.43011724902,-58.71942075176273,73851.71069649726
2025-06-06,-1701661.8269980943,488.295609153695,-1701173.5313889405
2025-06-09,-335336.8588629785,369.51086926531605,-334967.3479937132
2025-06-10,-366877.5626827738,408.6528212806192,-366468.90986149316
2025-06-11,-1234029.37608113,657.5223231415159,-1233371.8537579884
2025-06-12,-224474.13610555482,459.5268021991882,-224014.60930335562
2025-06-13,-46558.46667346891,-50.706845181040556,-46609.17351864995
2025-06-16,33000.080708445035,-91.44185214536341,32908.63885629967
2025-06-17,14719.18320443582,-288.35437627770307,14430.828828158117
2025-06-18,-97038.93131089522,67.8029239615743,-96971.12838693365
2025-06-20,129787.97909720615,-130.12022375732462,129657.85887344881
2025-06-23,4052.6151137190923,25.3458589162596,4077.960972635352
2025-06-24,-185711.30048140849,61.76898150831122,-185649.5314999002
2025-06-25,-223537.03471427,220.39779967104474,-223316.63691459896
2025-06-26,111593.46988360098,-482.5666581532643,111110.9032254477
2025-06-27,2412.507444597979,1.301289344608718,2413.808733942588
2025-06-30,253721.26833011056,-91.91441640347128,253629.35391370708
2025-07-01,23604.481446831458,1331.3354460854036,24935.81689291686
2025-07-02,25229.60651913569,-311.52704890252824,24918.079470233162
2025-07-03,-27910.995759644342,197.11362622136863,-27713.882133422972
2025-07-04,7160.87449756891,69.34523593961308,7230.219733508523
2025-07-07,328793.26506916736,15.712860572021025,328808.9779297394
2025-07-08,-559687.7797986331,2177.285856181785,-557510.4939424513
2025-07-09,240671.67671030527,555.7035124294767,241227.38022273473
2025-07-10,41606.23498642392,190.33070108072982,41796.565687504655
2025-07-11,-394359.70091530134,116.89247129476894,-394242.80844400654
2025-07-14,31584.29219576146,168.23098871854333,31752.523184480004
2025-07-15,-65119.51590740268,5.300203375204042,-65114.215704027476
2025-07-16,8296.644901430034,2158.704084199934,10455.348985629968
2025-07-17,-17563.74507019562,-24.326770415023592,-17588.071840610643
2025-07-18,281534.6946893948,-231.43019682597017,281303.2644925688
2025-07-21,-241084.68098210354,97.99181716805447,-240986.6891649355
2025-07-22,-18289.271814866708,-67.94948608453612,-18357.221300951245
2025-07-23,113278.53633972973,-635.3039458831705,112643.23239384656
2025-07-24,151771.53972994597,-173.68090452278108,151597.8588254232
2025-07-25,-161562.58122103932,266.45154692148213,-161296.12967411784
2025-07-28,100743.9971410239,-183.14640774249435,100560.8507332814
2025-07-29,40146.445137785064,-8.148169962467058,40138.2969678226
2025-07-30,2636.9933887344987,137.0699887042969,2774.0633774387957
2025-07-31,52989.193959813696,-372.0537783404751,52617.14018147322
2025-08-01,-33245.176888562906,-612.7896915767079,-33857.96658013961
2025-08-04,18621.69394909871,176.28472654504586,18797.978675643757
2025-08-05,-29083.287084139025,439.4418122293421,-28643.845271909682
2025-08-06,164119.11340624685,-93.91450216724941,164025.1989040796
2025-08-07,311415.6934885853,-260.22064341152924,311155.4728451738
2025-08-08,-12896.30335057402,-464.47661494982356,-13360.779965523843
2025-08-11,-36018.282971515335,140.5194585016019,-35877.763513013735
2025-08-12,408076.00860248297,-23.673669207751903,408052.33493327524
2025-08-13,99783.20687159355,138.3830645876146,99921.58993618116
2025-08-14,-357200.3783542805,118.23009293446349,-357082.14826134604
2025-08-15,-9791.907899147967,164.44992571023047,-9627.457973437737
2025-08-18,88441.38906795246,-160.16931752572847,88281.21975042674
2025-08-19,509752.7266842826,-573.0855028127204,509179.6411814699
2025-08-20,-15674.941027860315,54.801286062519694,-15620.139741797795
2025-08-21,-39223.249797577395,192.41402640022565,-39030.83577117717
2025-08-22,948934.8697489654,-1021.035025848538,947913.8347231168
2025-08-25,-166190.43883019948,608.3758476816403,-165582.06298251785
2025-08-26,225.04441424679754,9.515480982000636,234.55989522879818
2025-08-27,-178597.8195422566,62.836575545597405,-178534.982966711
2025-08-28,261189.81368931883,-182.1998237308692,261007.61386558798
2025-08-29,-17903.84806984669,487.92885731088256,-17415.919212535806
2025-09-01,-302459.17251721607,195.81184480994852,-302263.3606724061
2025-09-02,26373.534937168763,-166.14135217747076,26207.393584991292
2025-09-03,-330375.2173517017,50.069165959742634,-330325.148185742
2025-09-04,104096.99418117903,-9.081069396855384,104087.91311178218
2025-09-05,-117738.60798403072,-121.61998863806572,-117860.22797266878
2025-09-08,13242.684230787298,179.561138059341,13422.24536884664
2025-09-09,-35236.99819353707,75.82796717269774,-35161.17022636437
2025-09-10,-71818.93924041372,-102.80799996906909,-71921.74724038279
2025-09-11,27999.335415836213,-89.63902917215624,27909.696386664058
2025-09-12,95359.9121459973,108.7705514935312,95468.68269749083
2025-09-15,102303.32285673627,9.34012869320221,102312.66298542947
2025-09-16,-544224.0978068328,352.1386477807356,-543871.959159052
2025-09-17,101362.97260837702,-63.60653733882295,101299.3660710382
2025-09-18,-3126.306170230041,-16.978381015400046,-3143.284551245441
2025-09-19,-108860.80271758357,555.2597816236791,-108305.5429359599
2025-09-22,-219320.04936797346,117.7690189222358,-219202.28034905123
2025-09-23,51382.073930276085,-203.06728656344904,51179.00664371264
2025-09-24,-263890.30930854153,261.2474948760311,-263629.0618136655
2025-09-25,169637.96242501936,-63.517521876266116,169574.4449031431
2025-09-26,-88546.95083163344,4.834110183681753,-88542.11672144975
2025-09-29,-105259.61899560924,408.0755309447525,-104851.54346466449
2025-09-30,-66179.89044913929,641.8494929861586,-65538.04095615313
2025-10-01,78058.36654923239,-72.68737787666338,77985.67917135573
2025-10-02,270883.8119586141,-173.59655697416244,270710.2154016399
2025-10-03,-123677.69278922756,92.55304534716947,-123585.13974388038
2025-10-06,-236324.13587967207,110.94906004435393,-236213.1868196277
2025-10-07,419191.5496647719,238.75155976526844,419430.30122453714
2025-10-08,18053.809162792975,23.46302977095563,18077.27219256393
2025-10-09,-393080.6318121398,-64.05866361297949,-393144.6904757528
2025-10-10,-46986.75282525745,-207.63779315902545,-47194.39061841647
2025-10-13,62562.00523613699,44.186102718717166,62606.19133885571
2025-10-14,2584.526437919849,148.68993993895708,2733.216377858806
2025-10-15,-13333.152427095338,25.872893877923328,-13307.279533217414
2025-10-16,-740170.0080551053,807.4544401611668,-739362.5536149442
2025-10-17,68927.38221205007,-230.02558811137436,68697.3566239387
2025-10-20,42834.73945766626,-34.973903499342484,42799.76555416692
2025-10-21,-715171.8190573135,851.765071657225,-714320.0539856562
2025-10-22,20413.29234981369,13.283197161431316,20426.575546975124
2025-10-23,12884.693222936632,-50.19900696927249,12834.49421596736
2025-10-24,-86890.831929642,37.79144311771333,-86853.04048652427
2025-10-27,-128208.42229719611,105.90085939901903,-128102.5214377971
2025-10-28,1765.8348498458713,18.751851433706534,1784.586701279578
2025-10-29,38239.56383457109,-131.41894640329804,38108.14488816779
2025-10-30,-46939.82252500324,-304.2702997089302,-47244.09282471217
2025-10-31,-10137.85880208499,40.389473888196,-10097.469328196794
2025-11-03,-20273.42109591265,50.146349533752755,-20223.2747463789
2025-11-04,-92732.4412655892,171.83596464836737,-92560.60530094082
2025-11-05,169713.88936185182,-42.06103323777717,169671.82832861404
2025-11-06,-7220.26070693509,87.7058048838484,-7132.554902051242
2025-11-07,-2658.9681734918017,-10.75718672468944,-2669.725360216491
2025-11-10,20387.07509350038,50.99789986024307,20438.072993360624
2025-11-11,128593.5959257771,-266.86152874476977,128326.73439703233
2025-11-12,-37908.956038424454,-297.6906812759115,-38206.646719700366
2025-11-13,27357.387787095857,-60.3866580755714,27297.001129020286
2025-11-14,-78383.38575611457,-27.954415351135008,-78411.34017146571
2025-11-17,40774.33243175843,-19.03454808117573,40755.29788367725
2025-11-18,24644.579294904146,-20.03352775579566,24624.54576714835
2025-11-19,38476.70830849005,-32.19930918368543,38444.50899930637
2025-11-21,-31983.11558000862,163.28431509424473,-31819.831264914374
2025-11-24,3318.9491955899484,12.442036040807059,3331.3912316307556
2025-11-25,-96745.53048940827,59.17036304962818,-96686.36012635863
2025-11-26,261163.79363953808,-197.38336609789968,260966.41027344018
2025-11-27,-5053.040950631591,4.893396856130355,-5048.14755377546
2025-11-28,2541.1507234362534,30.117009610561894,2571.2677330468155
2025-12-01,-30423.7350291963,92.62020721464006,-30331.11482198166
2025-12-02,-1193.5754321162,-74.71435131442101,-1268.2897834306211
2025-12-03,1291.5526044033359,-174.62808411562978,1116.9245202877062
2025-12-04,175234.27074878078,-129.28255442944118,175104.98819435135
2025-12-05,3353534.7577429526,-2144.8732932681587,3351389.8844496845
2025-12-08,-4519.025654939613,6.543244614901765,-4512.482410324711
2025-12-09,-35428.17259902767,95.03360331742921,-35333.13899571024
2025-12-10,-174601.17138555975,158.71655319246292,-174442.45483236728
2025-12-11,-41970.34966500311,-165.20328383741696,-42135.55294884052
2025-12-12,74568.28160032442,38.547862647840844,74606.82946297227
2025-12-15,95164.45144192531,58.10402448347175,95222.55546640878
2025-12-16,1521896.1188633116,-528.6164243557286,1521367.502438956
2025-12-17,155760.51638484927,-20.82998640890945,155739.68639844036
2025-12-18,-62295.87546083768,-199.09734473319617,-62494.97280557087
2025-12-19,-54453.09363623535,-379.3587823474367,-54832.45241858279
2025-12-22,16505.094825338427,-60.26965438501796,16444.82517095341
2025-12-23,308290.67189815454,-127.91555829074622,308162.7563398638
2025-12-26,-966.9788657677534,26.18263943628942,-940.796226331464
2025-12-29,26234.735403227824,4.419868316625249,26239.15527154445
2025-12-30,5266.478203524756,-80.05151003057125,5186.426693494185
2026-01-02,-14213.313037248672,128.06904426621946,-14085.243992982452
2026-01-05,87865.4624691259,154.423592329487,88019.88606145539
2026-01-06,159080.8600023717,-88.10906850437115,158992.75093386733
2026-01-07,303832.67105394613,-53.12010025856822,303779.5509536876
2026-01-08,38227.40868285755,-100.97254947300601,38126.436133384545
2026-01-09,-529401.7407126813,46.8258526174221,-529354.9148600639
2026-01-12,14923.45938451012,-14.910707105674877,14908.548677404446
2026-01-13,139818.6542690105,-38.05146071758827,139780.6028082929
2026-01-14,647901.650792214,-172.6770993016242,647728.9736929124
2026-01-15,-481565.6780822041,375.51833303139716,-481190.1597491727
2026-01-16,67391.88810201341,260.82622988422446,67652.71433189765
2026-01-19,-36511.65000293639,71.83347510904439,-36439.816527827345
2026-01-20,111567.12412930181,144.37971631163498,111711.50384561345
2026-01-21,2125747.564301153,-830.9859446132434,2124916.57835654
2026-01-22,793629.7982708912,-458.5778937122619,793171.220377179
2026-01-23,302607.99398295785,-292.1729187798462,302315.821064178
2026-01-26,-84739.54709630126,-94.8192067891293,-84834.3663030904
2026-01-27,465492.55821591435,-305.6611388300971,465186.8970770842
2026-01-28,293547.6816691578,-316.14424971306414,293231.53741944476
2026-01-29,-52622.42556130854,-102.1590155240722,-52724.58457683261
2026-01-30,339193.1301283849,-218.76578502930985,338974.3643433556
2026-02-02,42574.46014358867,41.43027632414449,42615.890419912816
2026-02-03,245905.79596004784,-230.50538634953202,245675.2905736983
2026-02-04,1099729.8829662083,-424.3626642083117,1099305.520302
2026-02-05,-3025.9768816047244,-154.99531184941654,-3180.972193454141
2026-02-06,-442266.6365199965,138.12933972388663,-442128.5071802726
2026-02-09,-4735532.2143892795,2268.758016526875,-4733263.456372753
2026-02-10,68932.95924008719,-9.718782649969988,68923.24045743722
2026-02-11,523687.895644922,-1564.6063365918494,522123.28930833016
2026-02-12,465141.0531982381,-586.4029399694514,464554.65025826864
2026-02-13,250327.01068168753,-14.669982281612603,250312.34069940593
2026-02-18,-6126.185310525603,-222.41196639699896,-6348.597276922602
2026-02-19,112973.54657371677,-227.64849402733023,112745.89807968943
2026-02-20,-1761328.6048907163,520.2017631350586,-1760808.403127581
2026-02-23,55173.68344383892,-163.3649999412534,55010.31844389767
2026-02-24,203297.52747829162,107.03319760513861,203404.56067589676
2026-02-25,75456.91578303123,193.74274260233332,75650.65852563357
2026-02-26,-23497.705551569987,63.84123951682878,-23433.86431205316
2026-02-27,337193.4065607885,-7.684131015006566,337185.7224297735
2026-03-02,-31.47565075797758,-343.48272598953525,-374.95837674751283
2026-03-03,3111551.8683711113,-1408.3098325089888,3110143.558538602
