Date,ibov_pnl_cum,single_pnl_cum,total_pnl_cum
2022-03-04,0.0,0.0,0.0
2022-03-07,1446.2018801284337,-1335.5382879847682,110.66359214366548
2022-03-08,-1095.535224284915,-1008.8487445672893,-2104.3839688522044
2022-03-09,1482.852446838632,-2742.8353447534396,-1259.9828979148076
2022-03-10,1061.824478987551,-2927.6551488166524,-1865.8306698291012
2022-03-11,3800.268732868886,-3139.3704711863743,660.8982616825124
2022-03-14,4508.589786608009,-3420.3735142451337,1088.2162723628749
2022-03-15,1922.5278655435209,-3366.9273251687714,-1444.3994596252505
2022-03-16,7032.727896342141,-3637.3443584405736,3395.3835379015673
2022-03-17,9113.48818254008,-3415.0671060803147,5698.421076459766
2022-03-18,14934.387239355585,-3685.1995680697783,11249.187671285807
2022-03-21,15261.957859337268,-4114.320881792678,11147.636977544591
2022-03-22,13385.100272223302,-4312.437494144819,9072.662778078486
2022-03-23,11788.037517331388,-3798.644399039155,7989.393118292235
2022-03-24,14921.36105158321,-3791.359792046149,11130.001259537063
2022-03-25,10248.664615518288,-4035.9277150067555,6212.736900511534
2022-03-28,2522.72466479021,-3554.0444636467255,-1031.3197988565134
2022-03-29,-866.5049805948602,-3573.8278342012236,-4440.332814796082
2022-03-30,-1645.6472436666434,-3126.263498905577,-4771.910742572219
2022-03-31,-3978.7571611507265,-2950.4334008725727,-6929.190562023297
2022-04-01,-942.8535847797675,-2822.7712986827455,-3765.624883462511
2022-04-04,-1222.4591173555984,-2636.387155831977,-3858.846273187574
2022-04-05,12808.121104556532,-2829.367134468658,9978.753970087877
2022-04-06,13524.454107595615,-2835.3236538083174,10689.1304537873
2022-04-07,13669.531056756116,-3033.8113882940315,10635.719668462087
2022-04-08,14661.113304643319,-2975.916810919509,11685.196493723812
2022-04-11,22273.262385548078,-3114.5476814333,19158.71470411478
2022-04-12,25165.92089988264,-2006.1118232069462,23159.809076675698
2022-04-13,23661.41389577423,-1780.76689921446,21880.64699655977
2022-04-14,25318.134532524524,-1080.486562328014,24237.647970196515
2022-04-18,26387.192625743013,-1210.2283514601156,25176.964274282902
2022-04-19,25286.14217260042,-647.0168101977537,24639.12536240267
2022-04-20,26264.48003286204,-424.152864908933,25840.32716795311
2022-04-22,63097.612299716864,-865.4296730929148,62232.18262662395
2022-04-25,61290.020618177216,-836.8329004447476,60453.18771773247
2022-04-26,86997.37432038305,-1360.3589104905338,85637.01540989253
2022-04-27,87072.5898765337,-1440.0130897479055,85632.57678678581
2022-04-28,85813.54533526191,-834.2684261489882,84979.27690911293
2022-04-29,107492.67713157898,-825.136535294428,106667.54059628457
2022-05-02,99616.31498393678,-589.2561080133952,99027.05887592341
2022-05-03,72890.36666786489,223.01326288470455,73113.37993074961
2022-05-04,97642.12824884405,-199.9899319078063,97442.13831693627
2022-05-05,149302.1422528791,-18.972427133934758,149283.1698257452
2022-05-06,106504.3928607751,1059.0271348208144,107563.41999559593
2022-05-09,127216.9514292593,950.3651084137522,128167.31653767306
2022-05-10,74080.12051792811,2843.390138451849,76923.51065637998
2022-05-11,91108.81486726747,2854.3472028116857,93963.16207007918
2022-05-12,87082.52110764183,2833.8583095674617,89916.37941720932
2022-05-13,81328.3615527173,2776.0314950646784,84104.393047782
2022-05-16,88671.5696145806,2889.466512323461,91561.03612690407
2022-05-17,57219.0525995799,3156.629225978538,60375.68182555845
2022-05-18,72092.7853692404,3155.4389851109013,75248.22435435132
2022-05-19,38965.70629289979,3420.8022893799325,42386.50858227974
2022-05-20,53244.93354738377,3625.0691713724927,56870.00271875628
2022-05-23,73465.50500058572,3314.9330173711005,76780.43801795683
2022-05-24,73806.19227771946,3143.5843451923097,76949.77662291177
2022-05-25,52356.62308872388,3084.1471002138414,55440.77018893772
2022-05-26,69391.10693031736,3254.7065341151983,72645.81346443255
2022-05-27,69544.92310008006,3096.7392806841767,72641.66238076423
2022-05-30,58651.09278000387,3123.8293583297923,61774.922138333655
2022-05-31,59367.64327642084,3159.6566161828605,62527.29989260369
2022-06-01,59720.45896681951,3183.887119336006,62904.34608615551
2022-06-02,49511.143472627635,3262.141008070682,52773.284480698305
2022-06-03,59220.607954308885,3126.9285439775285,62347.536498286405
2022-06-06,28718.96097346239,3393.8214058928043,32112.782379355183
2022-06-07,27214.028029214176,3372.154571772703,30586.182600986867
2022-06-08,41861.70370205934,3115.2187856274895,44976.922487686825
2022-06-09,51508.06830380168,2990.067053968401,54498.13535777008
2022-06-10,60385.42503309356,3009.0975822368605,63394.52261533042
2022-06-13,131044.42565182979,2566.602654238737,133611.02830606853
2022-06-14,122987.15575991785,2503.0023331366883,125490.15809305455
2022-06-15,135217.4333166561,2226.4133552977473,137443.84667195386
2022-06-17,218593.66080782053,1680.812258030413,220274.47306585097
2022-06-20,219797.85733957347,1428.9649061848374,221226.82224575832
2022-06-21,219087.9024855355,947.9585408410364,220035.86102637657
2022-06-22,134062.8795775061,1455.833482575863,135518.713060082
2022-06-23,151820.2268305044,1223.5728199748964,153043.79965047934
2022-06-24,109591.13899538433,1489.9263736337234,111081.0653690181
2022-06-27,158311.9603086525,1207.3403803794554,159519.300689032
2022-06-28,151446.7831004526,1201.380092376239,152648.1631928289
2022-06-29,121934.85805797795,1495.924670947421,123430.78272892545
2022-06-30,120347.96990001308,1497.7967110020265,121845.76661101519
2022-07-01,125142.64173944709,1410.515991878937,126553.15773132612
2022-07-04,76440.61481246098,2053.873659707606,78494.48847216868
2022-07-05,-20031.151141222144,2366.7225804878726,-17664.428560734174
2022-07-06,-15268.53902672439,2684.1291002971975,-12584.409926427094
2022-07-07,7030.515235961833,2574.004500097967,9604.5197360599
2022-07-08,8965.00800494304,2580.461558923863,11545.469563867002
2022-07-11,39716.09912385584,2800.1358043035116,42516.23492815945
2022-07-12,12354.739615391933,3122.299066417192,15477.038681809223
2022-07-13,-13912.878628086051,2975.1512084983674,-10937.727419587587
2022-07-14,-9218.7384315709,2535.682245479951,-6683.056186090853
2022-07-15,-10725.52180686671,2734.229951222934,-7991.29185564368
2022-07-18,-71854.6833658187,2985.6903336748064,-68868.9930321438
2022-07-19,-47271.78488002068,2399.9503908916295,-44871.83448912896
2022-07-20,-85112.30302027319,2559.140584359976,-82553.16243591312
2022-07-21,-127519.01056071252,3040.2634834018027,-124478.74707731063
2022-07-22,-130611.88080123339,3093.7700249224126,-127518.1107763109
2022-07-25,-91647.36501374266,2832.3145442331993,-88815.05046950938
2022-07-26,-123028.082997007,3025.3855857169883,-120002.69741128993
2022-07-27,-66028.46705734407,3031.0912510977296,-62997.37580624626
2022-07-28,-42318.79405198264,3058.5002591494244,-39260.29379283314
2022-07-29,-37006.06639132059,2695.193639984186,-34310.872751336334
2022-08-01,-28933.293500673022,2740.655200661039,-26192.63830001191
2022-08-02,-21397.960349158384,2601.604540890908,-18796.355808267403
2022-08-03,-31890.60890699376,2564.1092899827563,-29326.49961701093
2022-08-04,39706.29879370812,2288.3933117429237,41994.69210545111
2022-08-05,46760.51760397275,2304.685727743954,49065.20333171677
2022-08-08,65657.59806400862,2500.0480692690776,68157.64613327777
2022-08-09,40608.01260819302,2399.531997175008,43007.5446053681
2022-08-10,29421.628003606376,2402.9712664459003,31824.59927005235
2022-08-11,-115822.2093465671,2573.0847729554025,-113249.12457361161
2022-08-12,-8374.193970168912,1834.8628928408216,-6539.331077327995
2022-08-15,-12890.802208842051,1795.1753127688273,-11095.626896073129
2022-08-16,-200381.5721447925,2807.0421940859896,-197574.52995070643
2022-08-17,-201457.21736252302,3172.476270107264,-198284.7410924157
2022-08-18,-204768.37640897871,3569.4141433857344,-201198.96226559294
2022-08-19,-106080.6127822329,2952.2389269752694,-103128.3738552576
2022-08-22,-137097.01847310484,3122.4694578370522,-133974.54901526775
2022-08-23,-76182.60476378424,3111.8122602437297,-73070.79250354048
2022-08-24,-137717.24524583374,3420.687201042688,-134296.558044791
2022-08-25,-140136.11095846482,3411.5594382718195,-136724.55152019297
2022-08-26,-133753.5913968721,3170.988430873053,-130582.602965999
2022-08-29,-170113.10688892036,3356.9636289362884,-166756.143259984
2022-08-30,-91939.43169386931,2905.794632276788,-89033.63706159245
2022-08-31,-75629.96257066436,2618.595736984776,-73011.36683367951
2022-09-01,-76627.81435531144,2977.0715173064937,-73650.74283800488
2022-09-02,-76721.7974723883,2759.0824529058013,-73962.71501948242
2022-09-05,-122169.39552470764,2747.2665984683726,-119422.1289262392
2022-09-06,-7073.710569926567,2063.745684478842,-5009.9648854476545
2022-09-08,-122450.9048118908,2424.5456179112193,-120026.3591939795
2022-09-09,-50444.704093478256,1859.8371487881845,-48584.86694469
2022-09-12,-52977.28490604858,2195.9131924143953,-50781.37171363412
2022-09-13,1628.298413195058,2428.1729814333,4056.4713946284246
2022-09-14,8106.7447890659805,2503.5512727115333,10610.29606177758
2022-09-15,24106.17118220556,2379.613058942842,26485.784241148467
2022-09-16,15519.84821290211,2865.403223112795,18385.251436014973
2022-09-19,107148.98473008387,2833.251191329645,109982.23592141358
2022-09-20,104722.14873746561,2748.9245342463023,107471.07327171197
2022-09-21,116317.14089026251,2779.1117385852885,119096.25262884785
2022-09-22,149472.56947038046,2821.5384691723757,152294.1079395529
2022-09-23,267904.25264940795,2053.6720391423273,269957.92468855035
2022-09-26,377362.9444597703,1774.6594296384392,379137.6038894088
2022-09-27,370681.3579151008,1775.3245005672763,372456.6824156682
2022-09-28,366342.5544286231,2113.1676065055867,368455.72203512886
2022-09-29,357768.87812130153,2254.3463190165426,360023.22444031824
2022-09-30,436943.54258554964,1683.3968049162668,438626.9393904661
2022-10-03,1092474.1244324013,-738.1777959356082,1091735.9466364658
2022-10-04,1016671.7339986367,-969.576942533762,1015702.1570561031
2022-10-05,1023074.8542666135,-1085.1366255517853,1021989.7176410619
2022-10-06,961473.5100838525,-948.9895101765949,960524.520573676
2022-10-07,996573.8806807095,-1205.1723636789404,995368.7083170307
2022-10-10,960744.8687166955,-1258.249138536133,959486.6195781595
2022-10-11,981324.8585183517,-962.6278946496648,980362.2306237022
2022-10-13,809009.0044464499,-154.96493846634962,808854.0395079837
2022-10-14,906555.5767808518,-119.84922268442057,906435.7275581675
2022-10-17,950519.1139226863,-203.17765244255764,950315.9362702438
2022-10-18,1034859.436771072,-273.4658426292443,1034585.9709284428
2022-10-19,1039125.9453741352,-425.1061740620469,1038700.8392000732
2022-10-20,933146.4617507546,-257.8087835245101,932888.6529672302
2022-10-21,1026283.9393543247,-346.16888425638797,1025937.7704700684
2022-10-24,1232442.2736647334,-2780.019953739257,1229662.2537109943
2022-10-25,1272954.5158772522,-2665.860961297005,1270288.6549159554
2022-10-26,1335267.9665633708,-3657.0728118845527,1331610.8937514864
2022-10-27,1372592.1386236893,-3835.453932325822,1368756.6846913637
2022-10-28,1373060.2158004595,-4038.2306358129654,1369021.9851646468
2022-10-31,1328916.6577150384,-5131.326771921507,1323785.3309431172
2022-11-01,1314971.5221369378,-4989.8174341755885,1309981.7047027624
2022-11-03,1304402.4911558148,-5096.216727197031,1299306.2744286181
2022-11-04,1325262.6701383034,-5573.249910457377,1319689.4202278464
2022-11-07,1461854.287508192,-5895.498252456097,1455958.7892557362
2022-11-08,1330988.142392811,-5497.997529844705,1325490.1448629664
2022-11-09,1478969.5888964224,-9108.642917432246,1469860.9459789903
2022-11-10,1668981.6955009953,-9485.781897273304,1659495.9136037221
2022-11-11,1778143.8996493248,-10432.008191271623,1767711.8914580534
2022-11-14,1648569.2675083997,-10187.863076501437,1638381.4044318984
2022-11-16,1832243.493420702,-11110.068735163624,1821133.4246855385
2022-11-17,1830973.3401643552,-11083.246070641006,1819890.0940937146
2022-11-18,1835981.1056143658,-11210.524138550998,1824770.5814758153
2022-11-21,1707959.8173665064,-11033.047385006552,1696926.7699815005
2022-11-22,1704951.8862538822,-11088.047024248555,1693863.8392296343
2022-11-23,1701283.9781667972,-11049.37945010229,1690234.5987166956
2022-11-24,1829681.1965673852,-11209.826042541823,1818471.3705248442
2022-11-25,1891937.4774759887,-11051.316053074805,1880886.1614229146
2022-11-28,1744303.1476656303,-11029.608464516974,1733273.539201114
2022-11-29,1831764.198868963,-11381.16033087388,1820383.0385380897
2022-11-30,1881349.3984273702,-11634.50053611973,1869714.8978912511
2022-12-01,1923536.5155348026,-11822.551686160077,1911713.9638486432
2022-12-02,1817650.3281558817,-11487.74543238473,1806162.5827234979
2022-12-05,1114898.165580427,-9261.348628622676,1105636.8169518053
2022-12-06,1115435.2562897827,-9030.347744883278,1106404.9085449004
2022-12-07,1087242.8320803067,-8903.671668949868,1078339.1604113579
2022-12-08,1170867.2962440276,-8959.999581379458,1161907.296662649
2022-12-09,1162589.5977127904,-8790.024246719026,1153799.573466072
2022-12-12,1287890.2658893326,-8904.331979436422,1278985.933909897
2022-12-13,1306352.9661340252,-9771.500904511751,1296581.4652295143
2022-12-14,1305489.0867088563,-10347.33811756404,1295141.7485912929
2022-12-15,1213805.282448434,-10415.525485801929,1203389.7569626328
2022-12-16,1152024.6126155173,-10292.992551365023,1141731.620064153
2022-12-19,1127713.1759278604,-10555.190501018189,1117157.985426843
2022-12-20,1307779.5740398173,-10648.979340321273,1297130.5946994966
2022-12-21,1287278.039514769,-10282.347324980732,1276995.692189789
2022-12-22,1089166.1247189536,-9817.732146533035,1079348.392572421
2022-12-23,965935.9550281367,-8163.461590270863,957772.4934378663
2022-12-26,947690.3443210555,-8130.582287745566,939559.7620333104
2022-12-27,877123.9418319442,-7464.870415812479,869659.0714161322
2022-12-28,885875.5901878391,-7200.41182244245,878675.1783653972
2022-12-29,886143.5806992388,-6731.84849483139,879411.7322044079
2023-01-02,1146640.820169171,-5833.7213801496255,1140807.0987890218
2023-01-03,1222981.797907766,-5977.088468012578,1217004.7094397538
2023-01-04,1280653.817656086,-5786.519520504061,1274867.2981355824
2023-01-05,1391232.3253229065,-5699.351630537461,1385532.9736923694
2023-01-06,1296709.4899572916,-5507.73529840424,1291201.7546588879
2023-01-09,1281841.3222210156,-5430.855321718611,1276410.4668992974
2023-01-10,1220327.3110784916,-2133.8575648157484,1218193.4535136763
2023-01-11,867713.9556031937,-1486.6715067890095,866227.2840964051
2023-01-12,708472.1493538056,-361.91533659537913,708110.2340172107
2023-01-13,708546.1872827196,-200.03322998043973,708346.1540527396
2023-01-16,565372.843047003,210.27733011999402,565583.1203771235
2023-01-17,690538.4902940888,-870.2893678314422,689668.2009262579
2023-01-18,692603.6644621877,-1044.7754315087095,691558.8890306795
2023-01-19,681150.8999923865,-1015.1831096217867,680135.7168827652
2023-01-20,680010.7388334454,-865.2255622732698,679145.5132711726
2023-01-23,686748.8651511439,-1180.8189643680469,685568.0461867764
2023-01-24,463737.7789656955,-863.9710276687779,462873.8079380273
2023-01-25,256415.74533836247,-551.7099736588546,255864.03536470418
2023-01-26,254723.62713650963,-478.8655150487599,254244.76162146142
2023-01-27,212197.95803752565,-362.6694754655795,211835.28856206062
2023-01-30,155675.13714381325,-125.97677031456789,155549.1603734992
2023-01-31,157589.3037184609,26.471009226766682,157615.7747276882
2023-02-01,175137.9562262098,8.258427083043486,175146.21465329337
2023-02-02,152262.42082868726,-33.816144335719976,152228.60468435206
2023-02-03,212167.1881409759,-148.67208173765744,212018.51605923875
2023-02-06,211524.96515486736,-161.043439085525,211363.92171578234
2023-02-07,86415.41615299843,215.61716772645798,86631.0333207254
2023-02-08,191693.4887888882,-598.3761362463782,191095.11265264236
2023-02-09,138472.88867868762,-344.3419050212425,138128.54677366692
2023-02-10,72561.67863174996,93.40179654656941,72655.08042829708
2023-02-13,81556.51497389194,855.4766972750372,82411.99167116753
2023-02-14,131895.10623937682,856.1047489682609,132751.21098834564
2023-02-15,179298.12192147586,603.9354338110556,179902.05735528748
2023-02-16,99937.3491712444,928.7089336588913,100866.05810490386
2023-02-17,-65354.55824353578,1191.9736495758423,-64162.58459395937
2023-02-22,78433.04015453733,782.898571940348,79215.93872647824
2023-02-23,88530.68833353267,712.1036105912449,89242.79194412447
2023-02-24,10881.415371364928,974.2573020123518,11855.672673377834
2023-02-27,-12581.411670673824,1096.3312056463326,-11485.080465026938
2023-02-28,793.3592149950855,1316.1766505600785,2109.5358655557175
2023-03-01,-116762.49110172507,1072.7235136765987,-115689.76758804792
2023-03-02,-88163.81414542571,586.7698170911026,-87577.04432833406
2023-03-03,-469179.6469763252,1372.1363262178324,-467807.5106501068
2023-03-06,-601358.0087077376,1489.926786963693,-599868.0819207733
2023-03-07,-639666.2148954291,1358.3794896136176,-638307.8354058149
2023-03-08,-617579.492387466,1659.6992907503732,-615919.7930967151
2023-03-09,-611443.8986329172,1667.263316716598,-609776.6353162001
2023-03-10,-558293.394802074,1393.8543361478391,-556899.5404659256
2023-03-13,-658361.0768893352,1548.9219152945611,-656812.1549740401
2023-03-14,-691455.1150608449,1518.381531653459,-689936.7335291909
2023-03-15,-694724.9008750574,1534.613169335791,-693190.2877057211
2023-03-16,-680186.4894240181,1175.002945883032,-679011.4864781345
2023-03-17,-693171.1989263234,1287.517267857463,-691883.6816584654
2023-03-20,-848286.6522822719,2501.9755070722076,-845784.6767751991
2023-03-21,-892820.687555927,2698.175286630927,-890122.5122692955
2023-03-22,-904825.000473572,2923.1584695759752,-901901.8420039956
2023-03-23,-758804.016794804,2968.491600981231,-755835.5251938223
2023-03-24,-703673.4736100766,3161.090436066739,-700512.3831740094
2023-03-27,-736146.2122449867,3196.6850026982715,-732949.5272422879
2023-03-28,-678544.0247358187,3051.3641840123532,-675492.6605518059
2023-03-29,-650263.4438586897,3086.0319337834953,-647177.4119249057
2023-03-30,-532305.3546426578,2973.83832098879,-529331.5163216685
2023-03-31,-438554.47097780387,2640.2725593637265,-435914.19841843966
2023-04-03,-553612.2010250397,2224.581932310075,-551387.6190927292
2023-04-04,-566997.7971200624,2254.027510269562,-564743.7696097925
2023-04-05,-694956.8295601768,2818.766368478088,-692138.0631916984
2023-04-06,-745661.8852989095,3044.9831946509034,-742616.9021042583
2023-04-10,-691797.903911949,3069.9258848511695,-688727.9780270976
2023-04-11,58795.106515040505,1394.7426119415982,60189.84912698227
2023-04-12,-65443.17531301649,1818.8652577789053,-63624.31005523741
2023-04-13,-208277.4646619191,2008.8402759584897,-206268.62438596043
2023-04-14,-213444.72177400484,2871.021198520091,-210573.70057548457
2023-04-17,-232060.07651705653,3120.7808207616936,-228939.29569629466
2023-04-18,-276905.3134354778,3106.9347348523015,-273798.3787006253
2023-04-19,-222030.3757991156,3125.566868270394,-218904.80893084506
2023-04-20,-221382.95106650953,3058.189727214584,-218324.76133929478
2023-04-24,-225803.3227015987,2942.294096777823,-222861.02860482072
2023-04-25,-361857.8740226852,3185.1258561199293,-358672.74816656514
2023-04-26,-353227.7182104995,3223.6854455025746,-350004.03276499675
2023-04-27,-446977.933216702,3398.708903302071,-443579.22431339975
2023-04-28,-350517.1480735415,3134.8594347755848,-347382.28863876575
2023-05-02,-125588.34425605816,2617.7917645093753,-122970.55249154859
2023-05-03,-134600.09431884676,3104.9741453606844,-131495.1201734859
2023-05-04,-168954.90505389683,3533.836412803259,-165421.06864109338
2023-05-05,182894.59412667883,2798.1210517664617,185692.71517844545
2023-05-08,186208.954374034,2980.0181176414917,189188.97249167564
2023-05-09,216096.05014268617,3156.7977643597387,219252.8479070461
2023-05-10,12072.305472051667,3390.3892177129997,15462.694689764845
2023-05-11,-57879.37750585994,3313.084625340628,-54566.29288051913
2023-05-12,-155940.40629768118,3566.526812432682,-152373.87948524833
2023-05-15,-165045.46388528973,3619.162543642694,-161426.30134164687
2023-05-16,-133291.63540906162,3713.213778692289,-129578.42163036918
2023-05-17,-92189.4509093674,3624.3072796255688,-88565.14362974168
2023-05-18,-99059.08963944795,3832.911215175506,-95226.17842427228
2023-05-19,-206297.23545663053,4316.354227621456,-201980.8812290089
2023-05-22,-255745.1961630943,4378.990482644619,-251366.20568044952
2023-05-23,-246717.6550763372,4371.850537873393,-242345.80453846365
2023-05-24,-220471.39949382056,4137.20128690557,-216334.19820691482
2023-05-25,-480761.3290935512,4529.948508999275,-476231.3805845517
2023-05-26,-488352.9216899705,4433.932682663887,-483918.9890073064
2023-05-29,-476678.2478112061,4494.6972114597365,-472183.5505997462
2023-05-30,-457001.27862157446,4502.21872512244,-452499.0598964518
2023-05-31,-440266.62179586105,4468.0378355407765,-435798.5839603201
2023-06-01,-412042.62309622427,4353.101240723119,-407689.521855501
2023-06-02,-475730.80151669437,4520.573750867061,-471210.2277658272
2023-06-05,-492517.29880158964,5005.627028984198,-487511.67177260533
2023-06-06,-398703.0712625239,5063.881672667329,-393639.1895898564
2023-06-07,-453897.581677785,5088.904970339699,-448808.6767074452
2023-06-09,-420066.00714367547,4726.708443673542,-415339.2987000018
2023-06-12,-440749.9917356118,4518.149261365103,-436231.8424742466
2023-06-13,-1117286.565914026,5975.409906294763,-1111311.156007731
2023-06-14,-990508.6694748587,6383.839015113368,-984124.8304597451
2023-06-15,-1009841.7090342612,6181.158614635002,-1003660.550419626
2023-06-16,-998922.7079956802,6221.932100595959,-992700.775895084
2023-06-19,-992651.372788173,6040.705318839315,-986610.6674693335
2023-06-20,-982894.3057501459,6080.176315827824,-976814.1294343178
2023-06-21,-1249290.2265922772,6311.4578811046285,-1242978.768711172
2023-06-22,-1139850.081346547,6201.743811148268,-1133648.337535398
2023-06-23,-1159641.2426274994,6117.669098285309,-1153523.5735292134
2023-06-26,-1167004.1052597924,6275.631146924897,-1160728.474112867
2023-06-27,-1193457.362769709,6232.354350956724,-1187225.0084187516
2023-06-28,-1148538.7532797898,6244.9777440180915,-1142293.7755357712
2023-06-29,-1149316.2649110884,6394.87932810254,-1142921.3855829851
2023-06-30,-1469918.958472421,6831.674421245066,-1463087.2840511752
2023-07-03,-1440561.4411402682,6771.204652326028,-1433790.2364879416
2023-07-04,-1407414.6038014563,6861.911284310919,-1400552.6925171446
2023-07-05,-1674003.9365899302,7680.804227529602,-1666323.1323624
2023-07-06,-1512937.9334028892,7567.335148956453,-1505370.598253932
2023-07-07,-1494897.4338176427,7538.066720903018,-1487359.3670967391
2023-07-10,-1447952.3046554127,7483.986967211662,-1440468.3176882004
2023-07-11,-1431349.1472787906,7439.918105261719,-1423909.2291735283
2023-07-12,-1429776.8252985096,7506.2518140514,-1422270.5734844576
2023-07-13,-1375227.407306612,7536.963796749239,-1367690.443509862
2023-07-14,-1313110.7523854023,7643.154563968139,-1305467.5978214336
2023-07-17,-1354145.8542444878,7778.79552366606,-1346367.058720821
2023-07-18,-1350991.4518369369,7819.331119875936,-1343172.1207170603
2023-07-19,-1352049.1089990458,7637.910529477327,-1344411.1984695678
2023-07-20,-1366681.8859956556,7683.374232042015,-1358998.511763613
2023-07-21,-1254581.9315817866,7597.83604715561,-1246984.0955346304
2023-07-24,-1308498.8464728508,7103.125505410522,-1301395.7209674397
2023-07-25,-1342322.4852458697,7193.793123388267,-1335128.6921224808
2023-07-26,-1353546.9509496547,7246.505288123029,-1346300.445661531
2023-07-27,-1112728.2794753637,6544.4375436885475,-1106183.8419316746
2023-07-28,-1219057.4167632845,6594.046302077243,-1212463.3704612067
2023-07-31,-1183366.3756274097,6444.608508882322,-1176921.7671185269
2023-08-01,-1307659.5785537614,6733.1443853439105,-1300926.434168417
2023-08-02,-1417131.8432780355,7023.379279041638,-1410108.4639989934
2023-08-03,-1409893.571963002,6894.356477657869,-1402999.2154853437
2023-08-04,-1474493.6722078705,6406.2999069766265,-1468087.3723008935
2023-08-07,-1494114.8549035883,6545.109898285362,-1487569.7450053026
2023-08-08,-1563597.3030793844,7170.218770114139,-1556427.08430927
2023-08-09,-1549220.671310529,7503.418639686028,-1541717.2526708427
2023-08-10,-1562252.6319016407,7549.349681743867,-1554703.2822198963
2023-08-11,-1734210.3223680481,7788.2593719236165,-1726422.0629961242
2023-08-14,-1688149.1446895543,7848.178834625818,-1680300.9658549284
2023-08-15,-1682157.1335886982,7849.097387686118,-1674308.0362010119
2023-08-16,-1717909.3704031082,7921.021759133603,-1709988.3486439744
2023-08-17,-1709802.144375472,7895.158475706407,-1701906.9858997655
2023-08-18,-1726052.8585699962,8252.272873218686,-1717800.5856967773
2023-08-21,-1758981.6119044211,8421.315262908416,-1750560.2966415125
2023-08-22,-1646758.9023849664,8330.262302201536,-1638428.6400827647
2023-08-23,-1521227.2205710078,7989.005738251602,-1513238.2148327562
2023-08-24,-1495804.6255748116,7953.420664639888,-1487851.2049101717
2023-08-25,-1469821.6378063555,7906.21033872355,-1461915.4274676319
2023-08-28,-1514890.777006172,7594.338843087783,-1507296.4381630842
2023-08-29,-1456748.030253221,7903.328285074865,-1448844.701968146
2023-08-30,-1523314.8226870163,8040.7253198554345,-1515274.0973671607
2023-08-31,-1421074.7912905526,7890.508374963234,-1413184.2829155892
2023-09-01,-1241340.4728332039,7575.980616394149,-1233764.4922168094
2023-09-04,-1410062.9643407094,7790.384461232056,-1402272.5798794772
2023-09-05,-1485510.0946062636,7721.97158806506,-1477788.1230181984
2023-09-06,-1451441.304415693,7721.288714184469,-1443720.0157015084
2023-09-08,-1453372.344745269,7835.949785015284,-1445536.3949602535
2023-09-11,-1360794.035349597,7630.521382821365,-1353163.5139667753
2023-09-12,-1413644.733450747,7723.409792431014,-1405921.3236583157
2023-09-13,-1501708.7571173806,7672.328452077046,-1494036.4286653032
2023-09-14,-1457127.6718692519,7531.386533842747,-1449596.2853354088
2023-09-15,-1446976.5089448965,7523.355716223584,-1439453.1532286727
2023-09-18,-1441491.0647001727,7866.67950150359,-1433624.3851986688
2023-09-19,-1444443.25160299,7968.349963839891,-1436474.9016391498
2023-09-20,-1589450.5205972767,8143.58047838495,-1581306.9401188912
2023-09-21,-1405538.647616838,8367.490283678464,-1397171.1573331591
2023-09-22,-1429439.546722575,8514.191953118558,-1420925.354769456
2023-09-25,-1447594.1659865782,8377.227926541727,-1439216.938060036
2023-09-26,-1559733.5271871882,8814.317807025274,-1550919.2093801624
2023-09-27,-1561029.8017875627,8987.917196654125,-1552041.8845909082
2023-09-28,-1596802.0373642764,8950.858120629295,-1587851.1792436466
2023-09-29,-1571632.540488533,8955.118927445796,-1562677.4215610866
2023-10-02,-1496099.579536497,8862.216838404938,-1487237.3626980912
2023-10-03,-1401683.680092388,8898.310103233856,-1392785.3699891535
2023-10-04,-1429738.5704680223,9101.78114956324,-1420636.7893184582
2023-10-05,-1428265.0368355948,9044.051437438726,-1419220.9853981554
2023-10-06,-1383806.4287591581,8713.107415049111,-1375093.3213441083
2023-10-09,-1346221.4217222375,8548.192112880102,-1337673.2296093567
2023-10-10,-1228527.4678779712,8463.132516483152,-1220064.3353614872
2023-10-11,-1226067.5891722715,8447.58055334686,-1217620.0086189238
2023-10-13,-1220210.9870610498,8307.623870797328,-1211903.3631902516
2023-10-16,-1210116.4246027628,8269.093810073711,-1201847.3307926883
2023-10-17,-1207633.2426525054,8319.59634126799,-1199313.6463112365
2023-10-18,-1067058.3923331546,7980.552388114669,-1059077.8399450392
2023-10-19,-1076711.4799584807,7984.944976605307,-1068726.5349818747
2023-10-20,-1086836.9826682645,7834.112158471222,-1079002.8705097928
2023-10-23,-1229728.0718159187,7526.848582870055,-1222201.223233048
2023-10-24,-1365507.1691635277,7608.743396568525,-1357898.4257669586
2023-10-25,-1376985.4861183364,6840.459014941779,-1370145.027103394
2023-10-26,-1244337.451460754,6605.911450606573,-1237731.5400101468
2023-10-27,-1230843.591873045,6536.496628590692,-1224307.0952444538
2023-10-30,-1297325.9147699033,6625.673549532362,-1290700.2412203702
2023-10-31,-1295948.2588071302,6402.599772398279,-1289545.659034731
2023-11-01,-1248013.0709567703,6464.373869315008,-1241548.6970874546
2023-11-03,-1011740.0408614909,5949.426487911018,-1005790.6143735792
2023-11-06,-1007898.4605748521,5905.067126374632,-1001993.3934484767
2023-11-07,-992780.8155940723,5825.389811283679,-986955.425782788
2023-11-08,-1084606.3039115174,5843.760167379974,-1078762.5437441368
2023-11-09,-1110619.11626777,5642.546650894415,-1104976.569616875
2023-11-10,-1110120.1892188827,5629.313554933616,-1104490.8756639485
2023-11-13,-1153251.0991370252,5491.113973299974,-1147759.9851637247
2023-11-14,-789347.5962031453,4907.489365490901,-784440.106837654
2023-11-16,-791430.8461463198,4905.216276672527,-786525.6298696467
2023-11-17,-814354.0010192092,4907.53038396087,-809446.4706352478
2023-11-20,-801889.6838271891,4894.613908542586,-796995.069918646
2023-11-21,-800917.750833411,4835.416525010219,-796082.3343084003
2023-11-22,-820570.5619105793,4915.202537975001,-815655.3593726038
2023-11-23,-1184747.586893628,5451.485960030219,-1179296.1009335972
2023-11-24,-1123047.899676762,5435.269579096479,-1117612.6300976651
2023-11-27,-1127226.2829816304,5567.673651218864,-1121658.609330411
2023-11-28,-1308650.3215597495,5772.1068997769125,-1302878.2146599723
2023-11-29,-1287337.5914531564,5756.571154486038,-1281581.02029867
2023-11-30,-1315568.1212101816,5755.2903343902735,-1309812.830875791
2023-12-01,-1322023.0462386932,5559.227292469314,-1316463.8189462235
2023-12-04,-1373105.477717147,5642.3688300327,-1367463.1088871139
2023-12-05,-1552417.1274962188,5859.981690058187,-1546557.14580616
2023-12-06,-1450710.568520907,5878.718425754767,-1444831.850095152
2023-12-07,-1468641.4783501844,5954.475608840428,-1462687.0027413436
2023-12-08,-1463005.3361910125,6096.991229273006,-1456908.3449617391
2023-12-11,-1478069.7629758164,6296.042046921783,-1471773.7209288941
2023-12-12,-1539267.383925879,6174.18168533647,-1533093.202240542
2023-12-13,-1225674.7791410214,5601.258976785369,-1220073.5201642357
2023-12-14,-1312032.2673369574,5934.9004754500265,-1306097.366861507
2023-12-15,-1282258.3933646397,5909.420858945846,-1276348.9725056936
2023-12-18,-1316591.0644953984,6126.48943466907,-1310464.5750607292
2023-12-19,-1557753.2042615933,6668.537510268961,-1551084.6667513242
2023-12-20,-1483450.0658663905,6476.279077899747,-1476973.7867884906
2023-12-21,-1530328.2063434504,6596.182561820879,-1523732.0237816295
2023-12-22,-1562824.6060885226,7122.628654465928,-1555701.9774340568
2023-12-26,-1575091.580929714,7352.734511989758,-1567738.8464177244
2023-12-27,-1670764.0020534552,8411.028594836847,-1662352.9734586184
2023-12-28,-1770691.7794687715,8643.475663898646,-1762048.303804873
2024-01-02,-1805921.921233513,8926.234117073816,-1796995.6871164392
2024-01-03,-1870951.9889948016,8881.649361894026,-1862070.3396329076
2024-01-04,-1714151.8884840065,8950.022782406892,-1705201.8657015997
2024-01-05,-1822117.2790083983,8894.01079619314,-1813223.2682122053
2024-01-08,-2149262.8239132133,9410.84006330682,-2139851.983849907
2024-01-09,-2093926.422440676,9240.048204206616,-2084686.3742364696
2024-01-10,-2076685.9231720816,9383.936418541423,-2067301.9867535403
2024-01-11,-2076475.9062183357,9371.223188137184,-2067104.6830301988
2024-01-12,-2081460.9299596942,9662.97051932754,-2071797.959440367
2024-01-15,-2152291.472629917,9806.538090964785,-2142484.9345389525
2024-01-16,-1952429.1676974676,9822.007027662772,-1942607.1606698052
2024-01-17,-2222136.2318687476,10409.879603888412,-2211726.3522648597
2024-01-18,-2212991.633607684,10542.024417093342,-2202449.609190591
2024-01-19,-2217016.2829355765,10625.16127884497,-2206391.121656732
2024-01-22,-2212688.622663156,10572.3978795403,-2202116.2247836166
2024-01-23,-2131818.6063084938,10573.877860176111,-2121244.728448319
2024-01-24,-2128165.7090544906,10618.541710063688,-2117547.167344428
2024-01-25,-2133806.6591029745,10529.101719243927,-2123277.5573837315
2024-01-26,-2158101.058194354,10352.477673905702,-2147748.580520449
2024-01-29,-2148183.97159172,10239.657885330871,-2137944.3137063896
2024-01-30,-2125651.2009747615,10154.436893694437,-2115496.7640810674
2024-01-31,-2129980.0872129826,10237.431743411042,-2119742.655469572
2024-02-01,-2164847.8350016624,10400.840523969177,-2154446.994477694
2024-02-02,-2125290.791221788,10619.1943506649,-2114671.5968711236
2024-02-05,-2180031.9548640833,10614.719535501477,-2169417.2353285826
2024-02-06,-1893247.9693479736,9894.250393308448,-1883353.7189546658
2024-02-07,-1938918.615570143,7155.933826584536,-1931762.6817435592
2024-02-08,-1857450.174900991,7018.141163871068,-1850432.0337371205
2024-02-09,-1901081.8240899323,7104.52095928405,-1893977.303130649
2024-02-14,-1859646.5322464658,7092.362210684944,-1852554.1700357818
2024-02-15,-1846901.6196794976,7172.6392928290425,-1839728.9803866695
2024-02-16,-2179562.3629046655,7614.307145351578,-2171948.0557593154
2024-02-19,-2243956.635424729,7769.224564671399,-2236187.410860059
2024-02-20,-2228742.0961722485,7576.30521633757,-2221165.7909559123
2024-02-21,-2255830.8639578437,7255.831417289723,-2248575.032540555
2024-02-22,-2275041.3680606736,7086.239691073573,-2267955.128369601
2024-02-23,-2287901.5633252678,7122.42531620452,-2280779.138009064
2024-02-26,-2351411.2575744684,7129.198142282628,-2344282.0594321867
2024-02-27,-2212313.543887559,6800.542209219542,-2205513.00167834
2024-02-28,-2157915.316647657,6473.488666035159,-2151441.827981623
2024-02-29,-2138394.6210297057,5883.630588867676,-2132510.990440839
2024-03-01,-2135904.647335024,5836.222518423374,-2130068.424816602
2024-03-04,-2182370.464832933,5947.665673893799,-2176422.7991590407
2024-03-05,-2183820.449027933,5984.4167961675375,-2177836.032231767
2024-03-06,-2237145.1923139896,5965.583950496722,-2231179.6083634943
2024-03-07,-2255155.382143122,5960.98838687084,-2249194.3937562527
2024-03-08,-2213612.096482458,5046.533261350619,-2208565.5632211086
2024-03-11,-2213188.648389293,5014.134818239387,-2208174.5135710547
2024-03-12,-2115166.725406881,4848.722024592444,-2110318.00338229
2024-03-13,-2109074.6469060243,4876.059836326253,-2104198.5870696995
2024-03-14,-2113142.0918835048,4878.921034757137,-2108263.170848749
2024-03-15,-2098553.7642255058,4840.2959311959985,-2093713.4682943113
2024-03-18,-2268443.402092696,4909.711898660025,-2263533.6901940377
2024-03-19,-2273832.2881839653,4846.2102113860865,-2268986.0779725807
2024-03-20,-2235003.091001752,4824.649394108394,-2230178.441607645
2024-03-21,-2200175.0604792004,4711.508863687248,-2195463.5516155143
2024-03-22,-2191937.392838488,4701.994175584612,-2187235.3986629043
2024-03-25,-2300788.7045328165,4726.211744806804,-2296062.4927880107
2024-03-26,-2307334.5994121013,4551.393989559013,-2302783.2054225435
2024-03-27,-2285161.4064954044,4701.502825493483,-2280459.903669912
2024-03-28,-2303094.7280599508,4832.864041553628,-2298261.8640183983
2024-04-01,-2264442.069964754,4764.998457542879,-2259677.0715072122
2024-04-02,-2297070.0862377943,4776.7599152988105,-2292293.326322497
2024-04-03,-2299895.278410559,4754.150764781581,-2295141.127645779
2024-04-04,-2320593.807219503,4741.507646769595,-2315852.2995727346
2024-04-05,-2368093.5899612755,4709.928674492837,-2363383.661286784
2024-04-08,-2209506.620180712,4475.377941074595,-2205031.2422396387
2024-04-09,-2466017.0244573993,5119.823144322214,-2460897.2013130784
2024-04-10,-2371003.8543744665,7903.374246194625,-2363100.4801282734
2024-04-11,-2423731.500171696,8055.028247943954,-2415676.4719237536
2024-04-12,-2348353.582648197,8040.706744236549,-2340312.8759039626
2024-04-15,-2371241.0698012654,7949.4472632410825,-2363291.6225380264
2024-04-16,-2367499.158153033,7986.257312006547,-2359512.9008410284
2024-04-17,-2405865.403541333,8087.319286058392,-2397778.0842552767
2024-04-18,-2411757.1958098835,8144.074711379733,-2403613.121098506
2024-04-19,-2405378.778038747,8330.688815329679,-2397048.08922342
2024-04-22,-2395035.9890662762,8559.515981907538,-2386476.473084371
2024-04-23,-2395024.508642789,8622.006109209264,-2386402.502533582
2024-04-24,-2409923.2702772263,8602.495172823577,-2401320.775104405
2024-04-25,-2413409.1862045988,8660.180404519964,-2404749.005800081
2024-04-26,-2432727.597362007,8845.327149106713,-2423882.2702129027
2024-04-29,-2474143.3495220845,9089.07187530647,-2465054.2776467805
2024-04-30,-2445184.101208631,9611.214384247502,-2435572.8868243857
2024-05-02,-2384540.0521074613,9558.186024656734,-2374981.866082807
2024-05-03,-2330848.361109271,9487.22234161131,-2321361.1387676625
2024-05-06,-2333294.3820901904,9509.137145053204,-2323785.24494514
2024-05-07,-2336392.790003237,7905.604194153795,-2328487.1858090856
2024-05-08,-2346919.3951567253,7911.064253077729,-2339008.3309036503
2024-05-09,-2345554.3180224295,8674.863151458121,-2336879.4548709737
2024-05-10,-2369910.091882834,8599.140112227231,-2361310.9517706092
2024-05-13,-2452184.7878573686,8741.118563833505,-2443443.6692935373
2024-05-14,-2451646.1693676463,8724.831494416245,-2442921.3378732326
2024-05-15,-2446206.011632973,8160.446165175949,-2438045.5654677995
2024-05-16,-2481001.0536961365,8092.944674023341,-2472908.109022116
2024-05-17,-2481209.689690985,8126.894994260071,-2473082.7946967273
2024-05-20,-2486636.9242774905,8216.291566859862,-2478420.6327106333
2024-05-21,-2578480.931649594,8192.922142954203,-2570288.0095066424
2024-05-22,-2498382.444489938,8225.809638131357,-2490156.634851809
2024-05-23,-2512917.028973792,8060.085998752307,-2504856.9429750424
2024-05-24,-2507589.5645588944,8043.648323242561,-2499545.9162356546
2024-05-27,-2505066.958460354,8292.834977875134,-2496774.1234824816
2024-05-28,-2519975.50195086,8244.058722946686,-2511731.4432279165
2024-05-29,-2491856.0076398687,8316.179745152329,-2483539.8278947193
2024-05-31,-2520240.9377148813,8455.109381349448,-2511785.8283335348
2024-06-03,-2538370.206388174,8416.649466811734,-2529953.556921365
2024-06-04,-2538296.521947149,8439.34317832529,-2529857.1787688266
2024-06-05,-2537836.4390746597,8573.68400820299,-2529262.7550664595
2024-06-06,-2434248.877007354,8263.26989134074,-2425985.607116016
2024-06-07,-2455373.6100387266,8255.842150314425,-2447117.7678884147
2024-06-10,-2515399.128264075,8295.576571879092,-2507103.5516921985
2024-06-11,-2570895.738795369,8498.234196689553,-2562397.504598682
2024-06-12,-2474776.444491171,8370.640735480372,-2466405.803755693
2024-06-13,-2540493.769268281,8378.637906375325,-2532115.1313619083
2024-06-14,-2546869.4698546613,8359.068005125257,-2538510.4018495386
2024-06-17,-2566899.24936398,8317.44082707532,-2558581.808536907
2024-06-18,-2550736.081358216,8187.0523641206755,-2542549.028994098
2024-06-19,-2527096.1909123426,8140.661082507487,-2518955.529829838
2024-06-20,-2568281.8868760397,8156.768996969196,-2560125.117879073
2024-06-21,-2536498.47806778,7913.629873808418,-2528584.8481939742
2024-06-24,-2454256.34618382,7881.586484330596,-2446374.7596994922
2024-06-25,-2456851.2158442386,7928.599389307616,-2448922.616454934
2024-06-26,-2450689.4952154737,7952.143121572802,-2442737.3520939033
2024-06-27,-2481271.374066612,6890.799530481932,-2474380.5745361326
2024-06-28,-2510861.4038361614,6947.453031722355,-2503913.9508044417
2024-07-01,-2557763.105481882,6983.472686117189,-2550779.6327957674
2024-07-02,-2619916.9599781623,7063.531230780885,-2612853.428747384
2024-07-03,-2665058.8824727014,7141.802390320054,-2657917.080082384
2024-07-04,-2652833.241515878,7033.5472474592025,-2645799.6942684217
2024-07-05,-2675803.374525262,8455.248031214855,-2667348.12649405
2024-07-08,-2675383.527488192,8324.108024365547,-2667059.419463829
2024-07-09,-2717260.974736369,8670.638014616488,-2708590.3367217556
2024-07-10,-2728176.8511225875,8845.741109779066,-2719331.110012811
2024-07-11,-2697427.610306025,8793.367071296834,-2688634.243234731
2024-07-12,-2688983.6875661323,8818.232344145139,-2680165.4552219897
2024-07-15,-2692539.50382757,9221.71986740491,-2683317.7839601673
2024-07-16,-2692478.530874933,9378.720720032697,-2683099.8101549027
2024-07-17,-2689767.9420040715,9378.577406379709,-2680389.364597694
2024-07-18,-2565347.2747526,9283.706306411392,-2556063.568446191
2024-07-19,-2570278.016049515,9485.306964818064,-2560792.709084699
2024-07-22,-2700818.584692148,9569.705092624805,-2691248.8795995256
2024-07-23,-2670803.389778896,9716.070987615463,-2661087.318791283
2024-07-24,-2678104.384655869,9807.913456545113,-2668296.471199326
2024-07-25,-2668384.790457796,9785.850733355104,-2658598.939724443
2024-07-26,-2603389.5620413376,9797.46151696,-2593592.10052438
2024-07-29,-2647604.850562783,9672.479527191952,-2637932.3710355936
2024-07-30,-2634723.456308263,9771.102328824078,-2624952.3539794413
2024-07-31,-2550458.847573962,8984.230638221568,-2541474.616935743
2024-08-01,-2549885.339057888,8827.674324516358,-2541057.664733374
2024-08-02,-2430610.314260607,8258.825646117015,-2422351.4886144926
2024-08-05,-2513189.0788379805,7911.048015903544,-2505278.030822079
2024-08-06,-2711940.4663262414,7947.902770290274,-2703992.5635559536
2024-08-07,-2663463.092895829,7295.258230907826,-2656167.834664924
2024-08-08,-2647325.1976144314,7203.401841148195,-2640121.795773286
2024-08-09,-2694054.2221684465,7256.667150444426,-2686797.5550180045
2024-08-12,-2709868.000141884,7277.25175840455,-2702590.748383482
2024-08-13,-2674433.213314551,7197.630692373192,-2667235.5826221798
2024-08-14,-2694007.152454756,4548.739266492535,-2689458.4131882656
2024-08-15,-2686878.9211183074,4468.469240635209,-2682410.4518776746
2024-08-16,-2679817.4435192114,4018.733955704006,-2675798.70956351
2024-08-19,-2596782.451170737,3682.1698231789414,-2593100.2813475607
2024-08-20,-2612359.808455264,3744.3808116956743,-2608615.427643571
2024-08-21,-2658614.7351869275,3730.7460841105612,-2654883.9891028195
2024-08-22,-2570773.186723556,3539.2253444222433,-2567233.9613791364
2024-08-23,-2570261.39368494,3534.9515052716483,-2566726.442179671
2024-08-26,-2626745.0118380664,4323.028060669567,-2622421.9837773996
2024-08-27,-2642185.130397661,4208.149890629024,-2637976.980507035
2024-08-28,-2652670.2162047313,4233.402972705819,-2648436.8132320284
2024-08-29,-2550124.527129839,4160.601585731228,-2545963.9255441106
2024-08-30,-2566076.0401553563,4223.270126871257,-2561852.770028488
2024-09-02,-2500341.8309291108,4160.56829460132,-2496181.262634512
2024-09-03,-2468580.299339149,4175.254212719406,-2464405.045126432
2024-09-04,-2355585.4423677577,4447.513583055393,-2351137.9287847043
2024-09-05,-2360947.7334208204,4450.376699854606,-2356497.356720968
2024-09-06,-2126253.653576127,4287.177422590105,-2121966.476153539
2024-09-09,-2176821.818441248,4350.238441510435,-2172471.5799997402
2024-09-10,-2172566.3218504596,4318.166516966269,-2168248.155333496
2024-09-11,-2175032.0861069513,4296.525144020231,-2170735.560962934
2024-09-12,-2148840.1161074154,4207.6082279936145,-2144632.5078794244
2024-09-13,-2122475.8933293885,4083.224434587626,-2118392.668894803
2024-09-16,-2343949.090234585,4161.280369964386,-2339787.809864623
2024-09-17,-2340542.274886253,4144.320769268326,-2336397.954116987
2024-09-18,-2241710.5092546893,4087.282648649826,-2237623.2266060417
2024-09-19,-2327446.1347955023,4058.4065807337465,-2323387.7282147706
2024-09-20,-2059800.8072081208,3842.2362613534497,-2055958.5709467696
2024-09-23,-2059009.281925263,3715.4763292891807,-2055293.805595976
2024-09-24,-2060133.796997115,3526.1990490406665,-2056607.5979480764
2024-09-25,-2059131.5670482663,3587.9584660238484,-2055543.6085822445
2024-09-26,-2019176.844671215,3176.6564807070545,-2016000.1881905098
2024-09-27,-2130792.884355265,4197.760408658767,-2126595.1239466085
2024-09-30,-2076655.2752560033,4289.901561589112,-2072365.3736944164
2024-10-01,-2236971.071971737,4517.785854933276,-2232453.286116806
2024-10-02,-2233583.7543350686,4964.77890416707,-2228618.975430904
2024-10-03,-2042281.330865109,4911.641080935158,-2037369.6897841762
2024-10-04,-2126358.6591469636,5530.6499913784755,-2120828.0091555878
2024-10-07,-2195528.7384143835,5619.569834494962,-2189909.1685798913
2024-10-08,-2390140.7614351213,5536.717705727615,-2384604.0437293965
2024-10-09,-2268374.3310657702,5411.1802251392455,-2262963.150840634
2024-10-10,-2356361.7978384956,5557.995836279782,-2350803.8020022186
2024-10-11,-2403926.191052536,8160.180353309548,-2395766.0106992293
2024-10-14,-2381930.1402067672,8400.445852627252,-2373529.694354143
2024-10-15,-2382124.8622090165,8958.546091731405,-2373166.316117288
2024-10-16,-2534753.1530761374,9402.306991143725,-2525350.846084997
2024-10-17,-2505789.344086247,9422.030420164701,-2496367.3136660857
2024-10-18,-2517313.656149599,9433.052444809138,-2507880.6037047934
2024-10-21,-2582432.5768877463,9612.915790586318,-2572819.661097164
2024-10-22,-2583885.453406587,9603.129901303308,-2574282.323505287
2024-10-23,-2674519.1279343017,10154.399177666439,-2664364.7287566387
2024-10-24,-2624383.7159351637,10209.408802221651,-2614174.3071329454
2024-10-25,-2649385.5978913317,10012.446678339513,-2639373.1512129954
2024-10-28,-2602398.063530827,9973.89940644479,-2592424.1641243855
2024-10-29,-2595891.7865862567,9958.543529371458,-2585933.2430568887
2024-10-30,-2635083.0768396514,9834.697751596937,-2625248.3790880577
2024-10-31,-2613323.588230999,9772.628461347515,-2603550.959769655
2024-11-01,-2677458.6346074,9784.437309047295,-2667674.197298356
2024-11-04,-2326490.5423193127,9600.675051689092,-2316889.8672676273
2024-11-05,-2498786.649499692,9686.35167664722,-2489100.2978230487
2024-11-06,-2499714.9503214196,9680.425084489874,-2490034.525236934
2024-11-07,-2487385.6879024394,9626.549060956562,-2477759.138841487
2024-11-08,-2322994.158537898,9323.036984845005,-2313671.121553058
2024-11-11,-2334325.1118206657,9096.426278522162,-2325228.685542148
2024-11-12,-2392736.7687667483,8801.021117924458,-2383935.747648828
2024-11-13,-2399671.932870539,8869.08039784771,-2390802.8524726955
2024-11-14,-2396506.818630322,8830.503723586482,-2387676.3149067396
2024-11-18,-2457003.045226543,8707.685485497695,-2448295.35974105
2024-11-19,-2451769.810597657,8702.583560095118,-2443067.2270375667
2024-11-21,-2580840.839287123,8832.642197003624,-2572008.197090124
2024-11-22,-2274725.1293565887,8772.471445829096,-2265952.6579107638
2024-11-25,-2437996.337076486,8885.503845429686,-2429110.8332310608
2024-11-26,-2399317.961260892,8899.276353157955,-2390418.6849077386
2024-11-27,-2235155.74522744,9020.82944429498,-2226134.915783149
2024-11-28,-1602964.361448889,8222.060019828501,-1594742.301429065
2024-11-29,-1520013.6815961653,8040.420863337725,-1511973.2607328321
2024-12-02,-1566431.9416367393,8101.777344040383,-1558330.1642927034
2024-12-03,-1577418.6565109994,7989.600101962656,-1569429.0564090414
2024-12-04,-1781827.2503024614,8088.685411364374,-1773738.5648911018
2024-12-05,-1504402.5534860857,7921.210058091333,-1496481.3434279992
2024-12-06,-1246012.358770767,7486.41906814633,-1238525.9397026254
2024-12-09,-1092746.1712083104,7331.219064712948,-1085414.952143602
2024-12-10,-1168850.0841093885,7260.879096771773,-1161589.2050126214
2024-12-11,-1020536.1931486051,6832.499210689771,-1013703.6939379199
2024-12-12,69296.25224754214,6063.751090737863,75360.00333827536
2024-12-13,119606.70821611624,5987.799124345237,125594.50734045682
2024-12-16,194715.37600363925,5843.95181956881,200559.3278232034
2024-12-17,295280.80518289574,5801.42111112151,301082.2262940126
2024-12-18,1702865.9958575354,5311.562744734119,1708177.558602265
2024-12-19,1747266.0298576213,4665.877594065079,1751931.907451682
2024-12-20,1882495.1321496707,4358.118154919561,1886853.2503045858
2024-12-23,2006797.8057452408,4267.563479361195,2011065.3692245975
2024-12-26,2027965.3178949258,4247.130932545759,2032212.448827467
2024-12-27,1960885.3573352043,4319.39218655188,1965204.7495217514
2024-12-30,1966729.593863877,4445.689689260029,1971175.2835531323
2025-01-02,1730664.3536168423,4539.526210032549,1735203.87982687
2025-01-03,1928182.5307031162,4406.438257243311,1932588.9689603548
2025-01-06,2275433.721988447,4289.894433831667,2279723.6164222737
2025-01-07,2438204.741248691,4312.30361655703,2442517.044865243
2025-01-08,2453496.452372896,4278.558121813444,2457775.010494705
2025-01-09,1791276.4194692266,4519.697164278529,1795796.1166335004
2025-01-10,1825106.2415771272,4462.407412968211,1829568.648990091
2025-01-13,1844807.8935762316,4501.134426216996,1849309.0280024442
2025-01-14,1863700.2329713502,4465.452494124342,1868165.6854654702
2025-01-15,2995062.003039082,3863.073498602273,2998925.07653768
2025-01-16,3174088.399337299,3995.146874032738,3178083.546211328
2025-01-17,3350817.732830667,4282.810940732245,3355100.543771395
2025-01-20,3359153.915790183,4268.013075782548,3363421.9288659613
2025-01-21,3446963.908151443,4301.083977803924,3451264.992129243
2025-01-22,3453493.504843038,4299.791258525498,3457793.2961015594
2025-01-23,3436761.045702551,4245.460231889098,3441006.505934436
2025-01-24,3301249.8615023037,4286.5698702733425,3305536.4313725727
2025-01-27,3450115.471907067,3318.0919387200465,3453433.5638457825
2025-01-28,3502798.067016281,3392.702629101591,3506190.769645378
2025-01-29,3423856.5751582817,3437.4649221744467,3427294.0400804514
2025-01-30,4313557.4608861245,2935.970334318484,4316493.431220438
2025-01-31,3382887.7574264333,3720.8781085600945,3386608.6355349887
2025-02-03,3271225.104530173,3912.652770122699,3275137.7573002907
2025-02-04,3323803.7117885496,4083.5465859643227,3327887.258374509
2025-02-05,3251984.261435296,4398.037043878882,3256382.29847917
2025-02-06,3303398.7234762996,4499.20017582741,3307897.9236521223
2025-02-07,3225359.5691718566,4333.682625141138,3229693.251796993
2025-02-10,2966211.1711065467,4837.625734580901,2971048.7968411227
2025-02-11,2892941.359120478,5134.906899985821,2898076.266020459
2025-02-12,3242341.6340102055,4956.980045690462,3247298.6140558915
2025-02-13,3057928.3461405793,5191.344868401541,3063119.691008976
2025-02-14,2995547.062691447,5105.547494814105,3000652.610186256
2025-02-17,2784628.8796261884,5235.658718244766,2789864.5383444284
2025-02-18,2657259.282826719,5559.200223168516,2662818.4830498826
2025-02-19,2715196.7850406887,5322.825218025289,2720519.610258709
2025-02-20,904837.2388060256,5764.65993563151,910601.8987416523
2025-02-21,936972.7601643573,6234.8742339762375,943207.6343983286
2025-02-24,1215852.4523863518,6202.58062990784,1222055.033016255
2025-02-25,1007821.1109746807,6333.662465530978,1014154.773440207
2025-02-26,1186909.6458820938,5232.749130113321,1192142.3950122022
2025-02-27,1093681.0486694202,4761.648056073022,1098442.6967254882
2025-02-28,1568156.7601317377,4533.152114228958,1572689.9122459614
2025-03-05,1566124.8761706827,4159.921729888172,1570284.7979005657
2025-03-06,1237090.8097390663,4397.163397177628,1241487.9731362388
2025-03-07,1278234.3874449797,4329.617273873566,1282564.004718848
2025-03-10,1193761.5680911117,4452.880101144783,1198214.4481922514
2025-03-11,1021033.4433211369,4512.166236827954,1025545.6095579597
2025-03-12,1028004.2235289183,4526.2587830399125,1032530.4823119532
2025-03-13,1188075.499525176,4652.159104905037,1192727.6586300759
2025-03-14,2205468.795992129,3996.5585506162142,2209465.35454274
2025-03-17,2469116.3805776243,3853.418963792912,2472969.7995414124
2025-03-18,1348639.675842268,4522.898383591291,1353162.5742258544
2025-03-19,1100345.7830332196,4678.146623637188,1105023.929656852
2025-03-20,1076382.9651208662,4793.436619578395,1081176.4017404397
2025-03-21,1078462.1862133932,4752.115649700797,1083214.3018630892
2025-03-24,1189886.593291153,4676.5340825717785,1194563.12737372
2025-03-25,1182674.974291414,4870.569801772096,1187545.5440931814
2025-03-26,1130664.7620198883,4789.846103208317,1135454.6081230917
2025-03-27,1135539.013411126,4875.322443567489,1140414.3358546887
2025-03-28,801534.7095571837,5812.714258661482,807347.4238158402
2025-03-31,1021284.6114254114,5744.162940231583,1027028.774365638
2025-04-01,1003977.8239997625,5804.575648817484,1009782.3996485751
2025-04-02,-182893.58531348454,6477.454042321629,-176416.1312711679
2025-04-03,-260277.30767324782,6144.2594626236305,-254133.04821062917
2025-04-04,1308946.1165592421,5599.760950742967,1314545.87750998
2025-04-07,1538347.4242272833,5256.561737025805,1543603.985964304
2025-04-08,1820549.9318408659,4863.979118917981,1825413.9109597788
2025-04-09,3420092.773480331,3910.128435786999,3424002.9019161128
2025-04-10,3356072.214986957,4032.2868976533055,3360104.5018846053
2025-04-11,3442699.653399882,3875.103468455191,3446574.756868332
2025-04-14,3667792.063882164,3873.001571473506,3671665.0654536327
2025-04-15,3116804.8294554623,4263.754370715253,3121068.583826173
2025-04-16,3213881.737641199,4332.639383328915,3218214.377024524
2025-04-17,2178072.80704555,5070.348747468913,2183143.155793015
2025-04-22,2200795.4740199405,5026.791384068277,2205822.2654040046
2025-04-23,2475035.3851374253,4910.79856026525,2479946.1836976865
2025-04-24,2772497.676220719,5000.2026379192375,2777497.8788586343
2025-04-25,2770818.6539020017,5032.484960978151,2775851.138862976
2025-04-28,2725922.6241302406,5222.672056886623,2731145.2961871233
2025-04-29,2314180.013926762,5639.659246759657,2319819.673173518
2025-04-30,2305831.143923239,4398.691454896878,2310229.835378132
2025-05-02,2077359.7993104006,5124.868681026021,2082484.6679914228
2025-05-05,2419730.978946175,5246.287724751505,2424977.2666709227
2025-05-06,1853655.8228072645,5379.18128774635,1859035.0040950072
2025-05-07,1867909.467767621,5691.6273018665925,1873601.0950694839
2025-05-08,2500261.977635743,3510.1117625418196,2503772.0893982816
2025-05-09,2273883.3143556765,2909.343259015709,2276792.6576146893
2025-05-12,2209275.986377281,2476.6458284052655,2211752.6322056837
2025-05-13,2403353.9389237594,2426.341696694496,2405780.2806204516
2025-05-14,2481627.2830055975,2193.4381032571778,2483820.7211088524
2025-05-15,2267383.0143154906,2268.1248045717134,2269651.13912006
2025-05-16,1268551.3622142274,332.19739055390755,1268883.559604779
2025-05-19,986669.0704874191,509.83866398626816,987178.909151403
2025-05-20,972996.7840715324,480.67530271794965,973477.459374248
2025-05-21,1421497.490706892,196.00286068359958,1421693.4935675734
2025-05-22,1425906.0873222589,258.4372071003044,1426164.5245293567
2025-05-23,1435352.2317572988,298.5238728348871,1435650.755630131
2025-05-26,1298859.8642127803,402.4136312114341,1299262.2778439892
2025-05-27,1403621.6643420493,216.41744254410727,1403838.0817845908
2025-05-28,1457004.4417060057,412.4682614629088,1457416.909967466
2025-05-29,1455424.7235403499,393.70973614270844,1455818.4332764898
2025-05-30,1515947.7764555751,283.10263608780826,1516230.87909166
2025-06-02,1202130.7879000644,412.642344348265,1202543.4302444097
2025-06-03,1179818.4522089662,512.682387896574,1180331.1345968598
2025-06-04,1224106.6947267968,354.2133930974977,1224460.9081198913
2025-06-05,1298017.1248440458,295.49397234573496,1298312.6188163885
2025-06-06,-403644.7021540485,783.7895814994299,-402860.912572552
2025-06-09,-738981.561017027,1153.300450764746,-737828.2605662652
2025-06-10,-1105859.1236998008,1561.9532720453653,-1104297.1704277582
2025-06-11,-2339888.4997809306,2219.475595186881,-2337669.024185747
2025-06-12,-2564362.635886485,2679.0023973860693,-2561683.6334891026
2025-06-13,-2610921.102559954,2628.295552205029,-2608292.8070077524
2025-06-16,-2577921.021851509,2536.8537000596652,-2575384.1681514527
2025-06-17,-2563201.838647073,2248.499323781962,-2560953.3393232943
2025-06-18,-2660240.7699579685,2316.3022477435366,-2657924.467710228
2025-06-20,-2530452.7908607624,2186.182023986212,-2528266.6088367794
2025-06-23,-2526400.1757470435,2211.5278829024714,-2524188.647864144
2025-06-24,-2712111.476228452,2273.2968644107827,-2709838.179364044
2025-06-25,-2935648.5109427217,2493.6946640818273,-2933154.816278643
2025-06-26,-2824055.0410591206,2011.128005928563,-2822043.9130531955
2025-06-27,-2821642.533614523,2012.4292952731716,-2819630.104319253
2025-06-30,-2567921.265284412,1920.5148788697004,-2566000.750405546
2025-07-01,-2544316.7838375806,3251.850324955104,-2541064.933512629
2025-07-02,-2519087.177318445,2940.3232760525757,-2516146.854042396
2025-07-03,-2546998.1730780895,3137.4369022739443,-2543860.736175819
2025-07-04,-2539837.298580521,3206.782138213557,-2536630.5164423105
2025-07-07,-2211044.0335113537,3222.494998785578,-2207821.5385125712
2025-07-08,-2770731.8133099866,5399.780854967363,-2765332.0324550224
2025-07-09,-2530060.1365996813,5955.48436739684,-2524104.652232288
2025-07-10,-2488453.9016132574,6145.81506847757,-2482308.0865447833
2025-07-11,-2882813.6025285586,6262.707539772339,-2876550.8949887897
2025-07-14,-2851229.310332797,6430.938528490882,-2844798.3718043095
2025-07-15,-2916348.8262401996,6436.238731866086,-2909912.587508337
2025-07-16,-2908052.1813387694,8594.94281606602,-2899457.238522707
2025-07-17,-2925615.926408965,8570.616045650997,-2917045.310363318
2025-07-18,-2644081.2317195702,8339.185848825027,-2635742.0458707493
2025-07-21,-2885165.912701674,8437.177665993082,-2876728.735035685
2025-07-22,-2903455.1845165407,8369.228179908547,-2895085.956336636
2025-07-23,-2790176.648176811,7733.924234025376,-2782442.7239427897
2025-07-24,-2638405.1084468653,7560.243329502595,-2630844.8651173664
2025-07-25,-2799967.6896679047,7826.694876424077,-2792140.9947914844
2025-07-28,-2699223.6925268807,7643.548468681583,-2691580.144058203
2025-07-29,-2659077.2473890954,7635.400298719115,-2651441.8470903803
2025-07-30,-2656440.254000361,7772.470287423412,-2648667.7837129417
2025-07-31,-2603451.0600405475,7400.4165090829365,-2596050.6435314687
2025-08-01,-2636696.2369291103,6787.626817506229,-2629908.610111608
2025-08-04,-2618074.5429800116,6963.911544051274,-2611110.6314359643
2025-08-05,-2647157.8300641505,7403.353356280616,-2639754.476707874
2025-08-06,-2483038.7166579035,7309.438854113367,-2475729.2778037945
2025-08-07,-2171623.023169318,7049.218210701837,-2164573.8049586206
2025-08-08,-2184519.326519892,6584.741595752013,-2177934.584924144
2025-08-11,-2220537.6094914074,6725.261054253615,-2213812.348437158
2025-08-12,-1812461.6008889244,6701.587385045863,-1805760.0135038826
2025-08-13,-1712678.3940173308,6839.970449633477,-1705838.4235677014
2025-08-14,-2069878.7723716113,6958.200542567941,-2062920.5718290475
2025-08-15,-2079670.6802707594,7122.6504682781715,-2072548.0298024854
2025-08-18,-1991229.2912028069,6962.481150752443,-1984266.8100520587
2025-08-19,-1481476.5645185243,6389.395647939722,-1475087.1688705888
2025-08-20,-1497151.5055463847,6444.1969340022415,-1490707.3086123865
2025-08-21,-1536374.7553439622,6636.610960402467,-1529738.1443835637
2025-08-22,-587439.8855949969,5615.575934553929,-581824.3096604468
2025-08-25,-753630.3244251963,6223.951782235569,-747406.3726429647
2025-08-26,-753405.2800109495,6233.46726321757,-747171.8127477359
2025-08-27,-932003.099553206,6296.303838763167,-925706.7957144468
2025-08-28,-670813.2858638872,6114.104015032298,-664699.1818488588
2025-08-29,-688717.1339337339,6602.03287234318,-682115.1010613947
2025-09-01,-991176.30645095,6797.844717153129,-984378.4617338008
2025-09-02,-964802.7715137813,6631.703364975658,-958171.0681488095
2025-09-03,-1295177.988865483,6681.7725309354,-1288496.2163345516
2025-09-04,-1191080.994684304,6672.691461538545,-1184408.3032227694
2025-09-05,-1308819.6026683347,6551.071472900479,-1302268.5311954382
2025-09-08,-1295576.9184375475,6730.63261095982,-1288846.2858265915
2025-09-09,-1330813.9166310846,6806.460578132518,-1324007.456052956
2025-09-10,-1402632.8558714984,6703.652578163449,-1395929.2032933387
2025-09-11,-1374633.5204556622,6614.013548991293,-1368019.5069066747
2025-09-12,-1279273.6083096648,6722.784100484824,-1272550.824209184
2025-09-15,-1176970.2854529284,6732.124229178026,-1170238.1612237545
2025-09-16,-1721194.3832597611,7084.262876958762,-1714110.1203828065
2025-09-17,-1619831.4106513842,7020.656339619939,-1612810.7543117683
2025-09-18,-1622957.7168216142,7003.677958604539,-1615954.0388630137
2025-09-19,-1731818.5195391977,7558.937740228218,-1724259.5817989737
2025-09-22,-1951138.568907171,7676.706759150454,-1943461.862148025
2025-09-23,-1899756.494976895,7473.639472587005,-1892282.8555043126
2025-09-24,-2163646.8042854364,7734.886967463036,-2155911.917317978
2025-09-25,-1994008.841860417,7671.36944558677,-1986337.472414835
2025-09-26,-2082555.7926920506,7676.203555770451,-2074879.5891362845
2025-09-29,-2187815.41168766,8084.279086715203,-2179731.132600949
2025-09-30,-2253995.3021367993,8726.128579701362,-2245269.173557102
2025-10-01,-2175936.935587567,8653.441201824699,-2167283.4943857463
2025-10-02,-1905053.1236289528,8479.844644850536,-1896573.2789841064
2025-10-03,-2028730.8164181802,8572.397690197706,-2020158.4187279867
2025-10-06,-2265054.9522978524,8683.346750242059,-2256371.6055476144
2025-10-07,-1845863.4026330805,8922.098310007328,-1836941.3043230772
2025-10-08,-1827809.5934702875,8945.561339778284,-1818864.0321305133
2025-10-09,-2220890.2252824274,8881.502676165304,-2212008.722606266
2025-10-10,-2267876.9781076848,8673.86488300628,-2259203.1132246824
2025-10-13,-2205314.9728715476,8718.050985724996,-2196596.9218858266
2025-10-14,-2202730.4464336275,8866.740925663953,-2193863.7055079676
2025-10-15,-2216063.598860723,8892.613819541877,-2207170.985041185
2025-10-16,-2956233.6069158283,9700.068259703045,-2946533.538656129
2025-10-17,-2887306.224703778,9470.042671591671,-2877836.1820321903
2025-10-20,-2844471.4852461116,9435.06876809233,-2835036.4164780234
2025-10-21,-3559643.3043034254,10286.833839749554,-3549356.4704636796
2025-10-22,-3539230.011953612,10300.117036910984,-3528929.8949167044
2025-10-23,-3526345.318730675,10249.918029941711,-3516095.4007007373
2025-10-24,-3613236.150660317,10287.709473059425,-3602948.4411872616
2025-10-27,-3741444.572957513,10393.610332458444,-3731050.962625059
2025-10-28,-3739678.738107667,10412.36218389215,-3729266.3759237793
2025-10-29,-3701439.1742730956,10280.943237488851,-3691158.2310356116
2025-10-30,-3748378.996798099,9976.67293777992,-3738402.323860324
2025-10-31,-3758516.855600184,10017.062411668116,-3748499.7931885207
2025-11-03,-3778790.2766960966,10067.208761201868,-3768723.0679348996
2025-11-04,-3871522.7179616857,10239.044725850235,-3861283.6732358406
2025-11-05,-3701808.828599834,10196.983692612459,-3691611.8449072265
2025-11-06,-3709029.089306769,10284.689497496307,-3698744.3998092776
2025-11-07,-3711688.0574802607,10273.932310771617,-3701414.125169494
2025-11-10,-3691300.9823867604,10324.930210631861,-3680976.0521761337
2025-11-11,-3562707.386460983,10058.06868188709,-3552649.3177791014
2025-11-12,-3600616.3424994075,9760.37800061118,-3590855.9644988016
2025-11-13,-3573258.9547123117,9699.991342535608,-3563558.963369781
2025-11-14,-3651642.3404684262,9672.036927184474,-3641970.303541247
2025-11-17,-3610868.008036668,9653.002379103298,-3601215.0056575695
2025-11-18,-3586223.428741764,9632.968851347503,-3576590.459890421
2025-11-19,-3547746.720433274,9600.769542163818,-3538145.950891115
2025-11-21,-3579729.8360132826,9764.053857258063,-3569965.7821560293
2025-11-24,-3576410.886817693,9776.49589329887,-3566634.3909243983
2025-11-25,-3673156.417307101,9835.666256348499,-3663320.751050757
2025-11-26,-3411992.6236675633,9638.282890250599,-3402354.3407773166
2025-11-27,-3417045.664618195,9643.17628710673,-3407402.488331092
2025-11-28,-3414504.5138947587,9673.293296717291,-3404831.2205980453
2025-12-01,-3444928.248923955,9765.913503931932,-3435162.335420027
2025-12-02,-3446121.824356071,9691.199152617512,-3436430.6252034577
2025-12-03,-3444830.271751668,9516.571068501882,-3435313.70068317
2025-12-04,-3269596.0010028873,9387.288514072441,-3260208.7124888184
2025-12-05,83938.75674006529,7242.415220804282,91181.17196086608
2025-12-08,79419.73108512568,7248.958465419184,86668.68955054137
2025-12-09,43991.55848609801,7343.992068736613,51335.550554831134
2025-12-10,-130609.61289946173,7502.708621929076,-123106.90427753614
2025-12-11,-172579.96256446483,7337.505338091659,-165242.45722637666
2025-12-12,-98011.68096414041,7376.0532007394995,-90635.6277634044
2025-12-15,-2847.2295222151006,7434.157225222972,4586.927703004389
2025-12-16,1519048.8893410964,6905.540800867243,1525954.4301419603
2025-12-17,1674809.4057259457,6884.7108144583335,1681694.1165404005
2025-12-18,1612513.530265108,6685.613469725137,1619199.1437348297
2025-12-19,1558060.4366288725,6306.254687377701,1564366.691316247
2025-12-22,1574565.5314542109,6245.985032992683,1580811.5164872003
2025-12-23,1882856.2033523654,6118.069474701937,1888974.2728270642
2025-12-26,1881889.2244865976,6144.252114138227,1888033.4766007327
2025-12-29,1908123.9598898254,6148.671982454852,1914272.631872277
2025-12-30,1913390.4380933503,6068.620472424281,1919459.0585657712
2026-01-02,1899177.1250561017,6196.689516690501,1905373.8145727888
2026-01-05,1987042.5875252276,6351.113109019988,1993393.7006342441
2026-01-06,2146123.447527599,6263.004040515617,2152386.4515681113
2026-01-07,2449956.118581545,6209.883940257048,2456166.002521799
2026-01-08,2488183.5272644027,6108.911390784042,2494292.4386551837
2026-01-09,1958781.7865517214,6155.737243401464,1964937.5237951197
2026-01-12,1973705.2459362315,6140.826536295789,1979846.0724725241
2026-01-13,2113523.900205242,6102.775075578201,2119626.675280817
2026-01-14,2761425.550997456,5930.097976276576,2767355.6489737295
2026-01-15,2279859.872915252,6305.616309307974,2286165.489224557
2026-01-16,2347251.7610172657,6566.442539192199,2353818.2035564543
2026-01-19,2310740.1110143294,6638.276014301243,2317378.387028627
2026-01-20,2422307.235143631,6782.655730612878,2429089.8908742405
2026-01-21,4548054.799444784,5951.669785999635,4554006.46923078
2026-01-22,5341684.597715676,5493.0918922873725,5347177.689607959
2026-01-23,5644292.5916986335,5200.918973507526,5649493.510672137
2026-01-26,5559553.044602333,5106.0997667183965,5564659.144369047
2026-01-27,6025045.602818247,4800.438627888299,6029846.041446132
2026-01-28,6318593.284487405,4484.294378175236,6323077.578865577
2026-01-29,6265970.858926096,4382.135362651164,6270352.9942887435
2026-01-30,6605163.989054481,4163.369577621854,6609327.358632099
2026-02-02,6647738.449198069,4204.799853945999,6651943.249052011
2026-02-03,6893644.245158117,3974.294467596467,6897618.53962571
2026-02-04,7993374.128124326,3549.931803388155,7996924.059927709
2026-02-05,7990348.151242721,3394.9364915387387,7993743.087734255
2026-02-06,7548081.514722724,3533.065831262625,7551614.580553982
2026-02-09,2812549.300333445,5801.8238477895,2818351.1241812296
2026-02-10,2881482.2595735323,5792.10506513953,2887274.3646386666
2026-02-11,3405170.155218454,4227.49872854768,3409397.6539469967
2026-02-12,3870311.208416692,3641.0957885782286,3873952.3042052654
2026-02-13,4120638.2190983794,3626.425806296616,4124264.6449046712
2026-02-18,4114512.0337878536,3404.013839899617,4117916.0476277485
2026-02-19,4227485.58036157,3176.3653458722865,4230661.945707438
2026-02-20,2466156.975470854,3696.567109007345,2469853.5425798567
2026-02-23,2521330.6589146927,3533.202109066092,2524863.8610237543
2026-02-24,2724628.1863929844,3640.2353066712303,2728268.421699651
2026-02-25,2800085.1021760157,3833.9780492735636,2803919.0802252847
2026-02-26,2776587.396624446,3897.8192887903924,2780485.2159132315
2026-02-27,3113780.8031852343,3890.135157775386,3117670.938343005
2026-03-02,3113749.3275344763,3546.6524317858507,3117295.9799662572
2026-03-03,6225301.195905588,2138.3425992768616,6227439.538504859
